{"name": "provenance", "time": 1790513049.0987568, "git_head": "2a21555a910ae5fd757d08130688215fa9e97b11", "imports": "/home/ubuntu/orca/workspaces/tdxman/aspool-dg03-storage/src/aspool/__init__.py", "python": "/home/ubuntu/orca/workspaces/tdxman/aspool-dg03-storage/.venv/bin/python", "source_hashes": {"src/aspool/dg03_candidate.py": "fddaa4ed4973f45e5e962192af2ad84a395eff74070b4a447c7d0a15b31bb800", "src/aspool/dg03_etf.py": "5c2751364549109ddacecbc3bc4074e17fdeea8d9b52473453e780aab7ad5bd2", "scripts/dg03/bench.py": "3cde7f666ffc8bb96e88a651ee732fdade04338b4d0cd83c062e767408942ad4"}, "snapshot": "/home/ubuntu/aspool-recovery/20260927-data-remediation/snapshot", "lab": "/home/ubuntu/aspool-labs/dg03-20260927", "candidate": "/home/ubuntu/aspool-labs/dg03-20260927/month-clustered", "manifest_sha256": "123a53ecf9461d65ddcafe43bf73e3edb16278f9fc5ad1b84e014547b079a76b", "versions": {"duckdb": "1.5.5", "pandas": "3.0.5", "pyarrow": "25.0.1", "numpy": "2.2.6"}, "memory_limit": "1GB", "threads": 1, "nice": 0, "cache": "OS cache not evicted; raw repeats retained"}
{"name": "monthly_sources", "time": 1790513049.0989237, "script_sha256": "86e4b331c5c715f16ede20c4aef6481ea443e216df8b8cf7beaec9e9833437e1", "module_sha256": "98cb515cc8e756f8f04930c58c001bf09f6ad644eda1be326e5579c8af8cb16b"}
{"name": "monthly_reused_exact_prefix", "time": 1790513065.663529, "factor": 5, "prefix_factor": 2, "files": 642, "rows": 35724774, "sha256_exact": true}
{"name": "monthly_part_parity", "time": 1790513065.8423328, "factor": 5, "month": "1920-01", "rows": 14374, "columns": 42, "exact": true, "path": "/home/ubuntu/aspool-labs/dg03-20260927/monthly-5x/parts/1920-01-0b40af6ed7aa42d08e2da27e8f2dbc4f.parquet"}
{"name": "monthly_part_parity", "time": 1790513065.9649823, "factor": 5, "month": "1920-02", "rows": 9100, "columns": 42, "exact": true, "path": "/home/ubuntu/aspool-labs/dg03-20260927/monthly-5x/parts/1920-02-d76b00bafe694da2982b8ed7a364de55.parquet"}
{"name": "monthly_part_parity", "time": 1790513066.1357658, "factor": 5, "month": "1920-03", "rows": 17554, "columns": 42, "exact": true, "path": "/home/ubuntu/aspool-labs/dg03-20260927/monthly-5x/parts/1920-03-dcc7d33b587544569e1c7e2919086f3b.parquet"}
{"name": "monthly_part_parity", "time": 1790513066.2983623, "factor": 5, "month": "1920-04", "rows": 15243, "columns": 42, "exact": true, "path": "/home/ubuntu/aspool-labs/dg03-20260927/monthly-5x/parts/1920-04-065ef85351954a49a10a139041658d0e.parquet"}
{"name": "monthly_part_parity", "time": 1790513066.4605553, "factor": 5, "month": "1920-05", "rows": 13629, "columns": 42, "exact": true, "path": "/home/ubuntu/aspool-labs/dg03-20260927/monthly-5x/parts/1920-05-22de5c345fdf4476af857f335148c28e.parquet"}
{"name": "monthly_part_parity", "time": 1790513066.6321585, "factor": 5, "month": "1920-06", "rows": 17174, "columns": 42, "exact": true, "path": "/home/ubuntu/aspool-labs/dg03-20260927/monthly-5x/parts/1920-06-b68d2f999a6944db8565119a86d17ca3.parquet"}
{"name": "monthly_part_parity", "time": 1790513066.7861307, "factor": 5, "month": "1920-07", "rows": 16840, "columns": 42, "exact": true, "path": "/home/ubuntu/aspool-labs/dg03-20260927/monthly-5x/parts/1920-07-c152d282ec37476c81ca6b92d907cea3.parquet"}
{"name": "monthly_part_parity", "time": 1790513066.9540703, "factor": 5, "month": "1920-08", "rows": 18709, "columns": 42, "exact": true, "path": "/home/ubuntu/aspool-labs/dg03-20260927/monthly-5x/parts/1920-08-f35e9b76301f4eaf8bfaaebb5d9bf18a.parquet"}
{"name": "monthly_part_parity", "time": 1790513067.12917, "factor": 5, "month": "1920-09", "rows": 17144, "columns": 42, "exact": true, "path": "/home/ubuntu/aspool-labs/dg03-20260927/monthly-5x/parts/1920-09-9cb293dbf58e4669897e975e46cae735.parquet"}
{"name": "monthly_part_parity", "time": 1790513067.274803, "factor": 5, "month": "1920-10", "rows": 14089, "columns": 42, "exact": true, "path": "/home/ubuntu/aspool-labs/dg03-20260927/monthly-5x/parts/1920-10-c153697b87f94e0b96cbcba137c40be0.parquet"}
{"name": "monthly_part_parity", "time": 1790513067.4426742, "factor": 5, "month": "1920-11", "rows": 18424, "columns": 42, "exact": true, "path": "/home/ubuntu/aspool-labs/dg03-20260927/monthly-5x/parts/1920-11-5643f948898044b98df2ed19c7d2de02.parquet"}
{"name": "monthly_part_parity", "time": 1790513067.6116674, "factor": 5, "month": "1920-12", "rows": 17806, "columns": 42, "exact": true, "path": "/home/ubuntu/aspool-labs/dg03-20260927/monthly-5x/parts/1920-12-c62e6452e8524ccfbebbaff1bb437367.parquet"}
{"name": "monthly_part_parity", "time": 1790513067.754452, "factor": 5, "month": "1921-01", "rows": 12160, "columns": 42, "exact": true, "path": "/home/ubuntu/aspool-labs/dg03-20260927/monthly-5x/parts/1921-01-a985e42a1dac4ad0ba0be61e1b56a617.parquet"}
{"name": "monthly_part_parity", "time": 1790513067.9187436, "factor": 5, "month": "1921-02", "rows": 15888, "columns": 42, "exact": true, "path": "/home/ubuntu/aspool-labs/dg03-20260927/monthly-5x/parts/1921-02-1ae5e63ad3b04d5db32e5c31e659f424.parquet"}
{"name": "monthly_part_parity", "time": 1790513068.1000354, "factor": 5, "month": "1921-03", "rows": 19611, "columns": 42, "exact": true, "path": "/home/ubuntu/aspool-labs/dg03-20260927/monthly-5x/parts/1921-03-47b8f244ab664817bf450a0f1b554d47.parquet"}
{"name": "monthly_part_parity", "time": 1790513068.294589, "factor": 5, "month": "1921-04", "rows": 18660, "columns": 42, "exact": true, "path": "/home/ubuntu/aspool-labs/dg03-20260927/monthly-5x/parts/1921-04-b0726d44eff949c1a29a1f99b4d38497.parquet"}
{"name": "monthly_part_parity", "time": 1790513068.4455776, "factor": 5, "month": "1921-05", "rows": 15820, "columns": 42, "exact": true, "path": "/home/ubuntu/aspool-labs/dg03-20260927/monthly-5x/parts/1921-05-68e793d5ba104230a84dafdd950fee3e.parquet"}
{"name": "monthly_part_parity", "time": 1790513068.6210976, "factor": 5, "month": "1921-06", "rows": 18852, "columns": 42, "exact": true, "path": "/home/ubuntu/aspool-labs/dg03-20260927/monthly-5x/parts/1921-06-b688f8ffcb83499495e5f9856bae28ff.parquet"}
{"name": "monthly_part_parity", "time": 1790513068.8097672, "factor": 5, "month": "1921-07", "rows": 20013, "columns": 42, "exact": true, "path": "/home/ubuntu/aspool-labs/dg03-20260927/monthly-5x/parts/1921-07-3b2d9d857b194786be0292f246eebf56.parquet"}
{"name": "monthly_part_parity", "time": 1790513068.9964266, "factor": 5, "month": "1921-08", "rows": 20991, "columns": 42, "exact": true, "path": "/home/ubuntu/aspool-labs/dg03-20260927/monthly-5x/parts/1921-08-a446972c932d4258a22ea9cf531a9b56.parquet"}
{"name": "monthly_part_parity", "time": 1790513069.174983, "factor": 5, "month": "1921-09", "rows": 18356, "columns": 42, "exact": true, "path": "/home/ubuntu/aspool-labs/dg03-20260927/monthly-5x/parts/1921-09-de6c9ec6ad3949a0b100cb9055e02861.parquet"}
{"name": "monthly_part_parity", "time": 1790513069.350503, "factor": 5, "month": "1921-10", "rows": 16569, "columns": 42, "exact": true, "path": "/home/ubuntu/aspool-labs/dg03-20260927/monthly-5x/parts/1921-10-6c30a979c3944a88a6e096439037a04a.parquet"}
{"name": "monthly_part_parity", "time": 1790513069.547204, "factor": 5, "month": "1921-11", "rows": 20310, "columns": 42, "exact": true, "path": "/home/ubuntu/aspool-labs/dg03-20260927/monthly-5x/parts/1921-11-1b3e174107bc4f499c171740570429fa.parquet"}
{"name": "monthly_part_parity", "time": 1790513069.7368677, "factor": 5, "month": "1921-12", "rows": 19315, "columns": 42, "exact": true, "path": "/home/ubuntu/aspool-labs/dg03-20260927/monthly-5x/parts/1921-12-a8b4e7255daa4ddab8d5e71b442b5d52.parquet"}
{"name": "monthly_part_parity", "time": 1790513069.933458, "factor": 5, "month": "1922-01", "rows": 18674, "columns": 42, "exact": true, "path": "/home/ubuntu/aspool-labs/dg03-20260927/monthly-5x/parts/1922-01-c7467697788e4232bea5fa17bbdcb3ff.parquet"}
{"name": "monthly_part_parity", "time": 1790513070.083188, "factor": 5, "month": "1922-02", "rows": 9330, "columns": 42, "exact": true, "path": "/home/ubuntu/aspool-labs/dg03-20260927/monthly-5x/parts/1922-02-e50059c9fa55434aae01dae38a23826d.parquet"}
{"name": "monthly_part_parity", "time": 1790513070.3155372, "factor": 5, "month": "1922-03", "rows": 19683, "columns": 42, "exact": true, "path": "/home/ubuntu/aspool-labs/dg03-20260927/monthly-5x/parts/1922-03-fb16934bccae4633a48b139995eff750.parquet"}
{"name": "monthly_part_parity", "time": 1790513070.5187948, "factor": 5, "month": "1922-04", "rows": 20495, "columns": 42, "exact": true, "path": "/home/ubuntu/aspool-labs/dg03-20260927/monthly-5x/parts/1922-04-497953209a744013a7b2cc3c20af6799.parquet"}
{"name": "monthly_part_parity", "time": 1790513070.68432, "factor": 5, "month": "1922-05", "rows": 16657, "columns": 42, "exact": true, "path": "/home/ubuntu/aspool-labs/dg03-20260927/monthly-5x/parts/1922-05-568761cabd634df29f43ae4adb056443.parquet"}
{"name": "monthly_part_parity", "time": 1790513070.9000604, "factor": 5, "month": "1922-06", "rows": 18805, "columns": 42, "exact": true, "path": "/home/ubuntu/aspool-labs/dg03-20260927/monthly-5x/parts/1922-06-317da025aa6f4fffb9a7cd9890872682.parquet"}
{"name": "monthly_part_parity", "time": 1790513071.168758, "factor": 5, "month": "1922-07", "rows": 22078, "columns": 42, "exact": true, "path": "/home/ubuntu/aspool-labs/dg03-20260927/monthly-5x/parts/1922-07-3065d7deb3e1443fb5a962a437e9a129.parquet"}
{"name": "monthly_part_parity", "time": 1790513071.419515, "factor": 5, "month": "1922-08", "rows": 21401, "columns": 42, "exact": true, "path": "/home/ubuntu/aspool-labs/dg03-20260927/monthly-5x/parts/1922-08-a85c3aee3a9b437aa2792d46cac0dd1b.parquet"}
{"name": "monthly_part_parity", "time": 1790513071.602151, "factor": 5, "month": "1922-09", "rows": 19513, "columns": 42, "exact": true, "path": "/home/ubuntu/aspool-labs/dg03-20260927/monthly-5x/parts/1922-09-1e0fd7f7f1ae4867a463fcba8791d9d0.parquet"}
{"name": "monthly_part_parity", "time": 1790513071.7719975, "factor": 5, "month": "1922-10", "rows": 17695, "columns": 42, "exact": true, "path": "/home/ubuntu/aspool-labs/dg03-20260927/monthly-5x/parts/1922-10-229a8edabc414710b555cd2917f3e113.parquet"}
{"name": "monthly_part_parity", "time": 1790513072.0022032, "factor": 5, "month": "1922-11", "rows": 20795, "columns": 42, "exact": true, "path": "/home/ubuntu/aspool-labs/dg03-20260927/monthly-5x/parts/1922-11-07badc399e754199bb78400a3ad97e00.parquet"}
{"name": "monthly_part_parity", "time": 1790513072.2026086, "factor": 5, "month": "1922-12", "rows": 21767, "columns": 42, "exact": true, "path": "/home/ubuntu/aspool-labs/dg03-20260927/monthly-5x/parts/1922-12-0e1ba957f5344c558eef178c64ac4c29.parquet"}
{"name": "monthly_part_parity", "time": 1790513072.4084237, "factor": 5, "month": "1923-01", "rows": 20056, "columns": 42, "exact": true, "path": "/home/ubuntu/aspool-labs/dg03-20260927/monthly-5x/parts/1923-01-e7480b9401854dd2a77bd49a5a0ac919.parquet"}
{"name": "monthly_part_parity", "time": 1790513072.58175, "factor": 5, "month": "1923-02", "rows": 15058, "columns": 42, "exact": true, "path": "/home/ubuntu/aspool-labs/dg03-20260927/monthly-5x/parts/1923-02-e8b0e0b6f1ae4878b434b74aa0929747.parquet"}
{"name": "monthly_part_parity", "time": 1790513072.8031013, "factor": 5, "month": "1923-03", "rows": 21176, "columns": 42, "exact": true, "path": "/home/ubuntu/aspool-labs/dg03-20260927/monthly-5x/parts/1923-03-bd7f4cc5658c40cb985d53f850ebe598.parquet"}
{"name": "monthly_part_parity", "time": 1790513072.9955153, "factor": 5, "month": "1923-04", "rows": 22021, "columns": 42, "exact": true, "path": "/home/ubuntu/aspool-labs/dg03-20260927/monthly-5x/parts/1923-04-01463145283f4409a04b2f1cf0676039.parquet"}
{"name": "monthly_part_parity", "time": 1790513073.1545384, "factor": 5, "month": "1923-05", "rows": 14824, "columns": 42, "exact": true, "path": "/home/ubuntu/aspool-labs/dg03-20260927/monthly-5x/parts/1923-05-3d00f073f5564035919d027274df366f.parquet"}
{"name": "monthly_part_parity", "time": 1790513073.400259, "factor": 5, "month": "1923-06", "rows": 20977, "columns": 42, "exact": true, "path": "/home/ubuntu/aspool-labs/dg03-20260927/monthly-5x/parts/1923-06-e12b94278aef41858539a3458c089d16.parquet"}
{"name": "monthly_part_parity", "time": 1790513073.6325674, "factor": 5, "month": "1923-07", "rows": 23579, "columns": 42, "exact": true, "path": "/home/ubuntu/aspool-labs/dg03-20260927/monthly-5x/parts/1923-07-2b792796820d478ba9d88e914ac7c6f7.parquet"}
{"name": "monthly_part_parity", "time": 1790513073.8312702, "factor": 5, "month": "1923-08", "rows": 21676, "columns": 42, "exact": true, "path": "/home/ubuntu/aspool-labs/dg03-20260927/monthly-5x/parts/1923-08-de837c3ca1c1400290cbfa9e25b1483f.parquet"}
{"name": "monthly_part_parity", "time": 1790513074.0690734, "factor": 5, "month": "1923-09", "rows": 22770, "columns": 42, "exact": true, "path": "/home/ubuntu/aspool-labs/dg03-20260927/monthly-5x/parts/1923-09-ae11b550d6314f5595b0dd9b4bada297.parquet"}
{"name": "monthly_part_parity", "time": 1790513074.2620883, "factor": 5, "month": "1923-10", "rows": 18795, "columns": 42, "exact": true, "path": "/home/ubuntu/aspool-labs/dg03-20260927/monthly-5x/parts/1923-10-064960eb68a6480caf30f5aceca6d126.parquet"}
{"name": "monthly_part_parity", "time": 1790513074.4872015, "factor": 5, "month": "1923-11", "rows": 21045, "columns": 42, "exact": true, "path": "/home/ubuntu/aspool-labs/dg03-20260927/monthly-5x/parts/1923-11-d58aff7dee334dd2b6c851a6249fdaed.parquet"}
{"name": "monthly_part_parity", "time": 1790513074.721316, "factor": 5, "month": "1923-12", "rows": 24242, "columns": 42, "exact": true, "path": "/home/ubuntu/aspool-labs/dg03-20260927/monthly-5x/parts/1923-12-1e67beb1d75045a091fd7097c73feac8.parquet"}
{"name": "monthly_part_parity", "time": 1790513074.8759956, "factor": 5, "month": "1924-01", "rows": 13839, "columns": 42, "exact": true, "path": "/home/ubuntu/aspool-labs/dg03-20260927/monthly-5x/parts/1924-01-229ad44752504197b6a692d264fd412b.parquet"}
{"name": "monthly_part_parity", "time": 1790513075.0924568, "factor": 5, "month": "1924-02", "rows": 21358, "columns": 42, "exact": true, "path": "/home/ubuntu/aspool-labs/dg03-20260927/monthly-5x/parts/1924-02-ffc6738a926e40998f50364ea651b03f.parquet"}
{"name": "monthly_part_parity", "time": 1790513075.321835, "factor": 5, "month": "1924-03", "rows": 24595, "columns": 42, "exact": true, "path": "/home/ubuntu/aspool-labs/dg03-20260927/monthly-5x/parts/1924-03-2a811175801342a4a5ac9d70bb43f164.parquet"}
{"name": "monthly_part_parity", "time": 1790513075.5797424, "factor": 5, "month": "1924-04", "rows": 23529, "columns": 42, "exact": true, "path": "/home/ubuntu/aspool-labs/dg03-20260927/monthly-5x/parts/1924-04-dcfeca0f8e3f4a5d82514a783b436f54.parquet"}
{"name": "monthly_part_parity", "time": 1790513075.7441454, "factor": 5, "month": "1924-05", "rows": 16983, "columns": 42, "exact": true, "path": "/home/ubuntu/aspool-labs/dg03-20260927/monthly-5x/parts/1924-05-ef57893fa5c74af0be06fd976e2b60cf.parquet"}
{"name": "monthly_part_parity", "time": 1790513075.9685323, "factor": 5, "month": "1924-06", "rows": 23905, "columns": 42, "exact": true, "path": "/home/ubuntu/aspool-labs/dg03-20260927/monthly-5x/parts/1924-06-384b3fae102547e0b0c81b67dece1d5e.parquet"}
{"name": "monthly_part_parity", "time": 1790513076.2190924, "factor": 5, "month": "1924-07", "rows": 24683, "columns": 42, "exact": true, "path": "/home/ubuntu/aspool-labs/dg03-20260927/monthly-5x/parts/1924-07-2d1d5ec9739f46668d5210851c817a9a.parquet"}
{"name": "monthly_part_parity", "time": 1790513076.4599664, "factor": 5, "month": "1924-08", "rows": 25028, "columns": 42, "exact": true, "path": "/home/ubuntu/aspool-labs/dg03-20260927/monthly-5x/parts/1924-08-775c6442b1e741d295109fe5fc009104.parquet"}
{"name": "monthly_part_parity", "time": 1790513076.68026, "factor": 5, "month": "1924-09", "rows": 25075, "columns": 42, "exact": true, "path": "/home/ubuntu/aspool-labs/dg03-20260927/monthly-5x/parts/1924-09-060923a06e0d424ba19e533c6b2c18b1.parquet"}
{"name": "monthly_part_parity", "time": 1790513076.8931775, "factor": 5, "month": "1924-10", "rows": 18310, "columns": 42, "exact": true, "path": "/home/ubuntu/aspool-labs/dg03-20260927/monthly-5x/parts/1924-10-694a805ee5344b4594b26fafe5e1962a.parquet"}
{"name": "monthly_part_parity", "time": 1790513077.1662765, "factor": 5, "month": "1924-11", "rows": 25235, "columns": 42, "exact": true, "path": "/home/ubuntu/aspool-labs/dg03-20260927/monthly-5x/parts/1924-11-5f8cf537e7a247138996b20b7c1f0667.parquet"}
{"name": "monthly_part_parity", "time": 1790513077.609689, "factor": 5, "month": "1924-12", "rows": 26475, "columns": 42, "exact": true, "path": "/home/ubuntu/aspool-labs/dg03-20260927/monthly-5x/parts/1924-12-74e6f972b0864c1d9205865de8fdb987.parquet"}
{"name": "monthly_part_parity", "time": 1790513077.8250895, "factor": 5, "month": "1925-01", "rows": 23157, "columns": 42, "exact": true, "path": "/home/ubuntu/aspool-labs/dg03-20260927/monthly-5x/parts/1925-01-73b2cbb0610a4141a72a573c7dff9cd1.parquet"}
{"name": "monthly_part_parity", "time": 1790513077.9969082, "factor": 5, "month": "1925-02", "rows": 15062, "columns": 42, "exact": true, "path": "/home/ubuntu/aspool-labs/dg03-20260927/monthly-5x/parts/1925-02-ec15d5f1c07b445fb49d05dcb14ba030.parquet"}
{"name": "monthly_part_parity", "time": 1790513078.2634127, "factor": 5, "month": "1925-03", "rows": 26623, "columns": 42, "exact": true, "path": "/home/ubuntu/aspool-labs/dg03-20260927/monthly-5x/parts/1925-03-2e712c2897104d309fb263d49b3c62f3.parquet"}
{"name": "monthly_part_parity", "time": 1790513078.656649, "factor": 5, "month": "1925-04", "rows": 24107, "columns": 42, "exact": true, "path": "/home/ubuntu/aspool-labs/dg03-20260927/monthly-5x/parts/1925-04-269957b6dbac494ba8f2c9101f51daca.parquet"}
{"name": "monthly_part_parity", "time": 1790513078.8593884, "factor": 5, "month": "1925-05", "rows": 19173, "columns": 42, "exact": true, "path": "/home/ubuntu/aspool-labs/dg03-20260927/monthly-5x/parts/1925-05-8554a29d01dd40a5874284824d74e857.parquet"}
{"name": "monthly_part_parity", "time": 1790513079.0882273, "factor": 5, "month": "1925-06", "rows": 24973, "columns": 42, "exact": true, "path": "/home/ubuntu/aspool-labs/dg03-20260927/monthly-5x/parts/1925-06-0c8788bf84f04fcaba1b782c972f1b9d.parquet"}
{"name": "monthly_part_parity", "time": 1790513079.3160825, "factor": 5, "month": "1925-07", "rows": 24246, "columns": 42, "exact": true, "path": "/home/ubuntu/aspool-labs/dg03-20260927/monthly-5x/parts/1925-07-eadb0bd1527a474c9881c1242a8c3682.parquet"}
{"name": "monthly_part_parity", "time": 1790513079.5430634, "factor": 5, "month": "1925-08", "rows": 26419, "columns": 42, "exact": true, "path": "/home/ubuntu/aspool-labs/dg03-20260927/monthly-5x/parts/1925-08-88b5985a097c43ed8421dd940bce2a04.parquet"}
{"name": "monthly_part_parity", "time": 1790513079.7671638, "factor": 5, "month": "1925-09", "rows": 24834, "columns": 42, "exact": true, "path": "/home/ubuntu/aspool-labs/dg03-20260927/monthly-5x/parts/1925-09-2124e9e05a054016ad76caada4eb04c6.parquet"}
{"name": "monthly_part_parity", "time": 1790513079.940907, "factor": 5, "month": "1925-10", "rows": 17199, "columns": 42, "exact": true, "path": "/home/ubuntu/aspool-labs/dg03-20260927/monthly-5x/parts/1925-10-220bb38e860c4e2f8a45d6c946b0c6f4.parquet"}
{"name": "monthly_part_parity", "time": 1790513080.1719334, "factor": 5, "month": "1925-11", "rows": 23750, "columns": 42, "exact": true, "path": "/home/ubuntu/aspool-labs/dg03-20260927/monthly-5x/parts/1925-11-efc043f4265e4272a9ebe8cbd988bdda.parquet"}
{"name": "monthly_part_parity", "time": 1790513080.37762, "factor": 5, "month": "1925-12", "rows": 23220, "columns": 42, "exact": true, "path": "/home/ubuntu/aspool-labs/dg03-20260927/monthly-5x/parts/1925-12-ec70182d1674465db85ce1dc5ea6c2b7.parquet"}
{"name": "monthly_part_parity", "time": 1790513080.560301, "factor": 5, "month": "1926-01", "rows": 16673, "columns": 42, "exact": true, "path": "/home/ubuntu/aspool-labs/dg03-20260927/monthly-5x/parts/1926-01-392aa33b5d3d4b97971db5f35c1f44a0.parquet"}
{"name": "monthly_part_parity", "time": 1790513080.7310524, "factor": 5, "month": "1926-02", "rows": 17621, "columns": 42, "exact": true, "path": "/home/ubuntu/aspool-labs/dg03-20260927/monthly-5x/parts/1926-02-b97be8514bfb452c98e75554a2506dfd.parquet"}
{"name": "monthly_part_parity", "time": 1790513080.938405, "factor": 5, "month": "1926-03", "rows": 22712, "columns": 42, "exact": true, "path": "/home/ubuntu/aspool-labs/dg03-20260927/monthly-5x/parts/1926-03-a950e559863045d58af45e30a0581d73.parquet"}
{"name": "monthly_part_parity", "time": 1790513081.1238773, "factor": 5, "month": "1926-04", "rows": 19520, "columns": 42, "exact": true, "path": "/home/ubuntu/aspool-labs/dg03-20260927/monthly-5x/parts/1926-04-0ac9130f43dd49cb861e9f1a79490967.parquet"}
{"name": "monthly_part_parity", "time": 1790513081.3403378, "factor": 5, "month": "1926-05", "rows": 17346, "columns": 42, "exact": true, "path": "/home/ubuntu/aspool-labs/dg03-20260927/monthly-5x/parts/1926-05-1023d2058b9c4d60a826b473f722d8b5.parquet"}
{"name": "monthly_part_parity", "time": 1790513081.5690691, "factor": 5, "month": "1926-06", "rows": 22032, "columns": 42, "exact": true, "path": "/home/ubuntu/aspool-labs/dg03-20260927/monthly-5x/parts/1926-06-e40ddacb03b74513a3e04347ce7648ed.parquet"}
{"name": "monthly_part_parity", "time": 1790513081.7773678, "factor": 5, "month": "1926-07", "rows": 21805, "columns": 42, "exact": true, "path": "/home/ubuntu/aspool-labs/dg03-20260927/monthly-5x/parts/1926-07-4fcfb9c962e84fb9bb5c0a027c33c5bd.parquet"}
{"name": "monthly_part_parity", "time": 1790513082.0399024, "factor": 5, "month": "1926-08", "rows": 24962, "columns": 42, "exact": true, "path": "/home/ubuntu/aspool-labs/dg03-20260927/monthly-5x/parts/1926-08-85f0226303bb4a3098bd57d3b79767f5.parquet"}
{"name": "monthly_part_parity", "time": 1790513082.2642708, "factor": 5, "month": "1926-09", "rows": 23395, "columns": 42, "exact": true, "path": "/home/ubuntu/aspool-labs/dg03-20260927/monthly-5x/parts/1926-09-8e083565e41a48799ae2609941b99e7c.parquet"}
{"name": "monthly_part_parity", "time": 1790513082.4716365, "factor": 5, "month": "1926-10", "rows": 19180, "columns": 42, "exact": true, "path": "/home/ubuntu/aspool-labs/dg03-20260927/monthly-5x/parts/1926-10-28115625e81e410f8271b297a0d9956b.parquet"}
{"name": "monthly_part_parity", "time": 1790513082.7111776, "factor": 5, "month": "1926-11", "rows": 25082, "columns": 42, "exact": true, "path": "/home/ubuntu/aspool-labs/dg03-20260927/monthly-5x/parts/1926-11-8071500d0ef640b1bc16418836b04977.parquet"}
{"name": "monthly_part_parity", "time": 1790513082.9566505, "factor": 5, "month": "1926-12", "rows": 23833, "columns": 42, "exact": true, "path": "/home/ubuntu/aspool-labs/dg03-20260927/monthly-5x/parts/1926-12-d7336e0330ad4143973358b16ba04266.parquet"}
{"name": "monthly_part_parity", "time": 1790513083.1726785, "factor": 5, "month": "1927-01", "rows": 23014, "columns": 42, "exact": true, "path": "/home/ubuntu/aspool-labs/dg03-20260927/monthly-5x/parts/1927-01-a7614c0acd75442d93696e1a9f101c8d.parquet"}
{"name": "monthly_part_parity", "time": 1790513083.3405504, "factor": 5, "month": "1927-02", "rows": 17555, "columns": 42, "exact": true, "path": "/home/ubuntu/aspool-labs/dg03-20260927/monthly-5x/parts/1927-02-569f450a13ab48eebfadc82699464c2e.parquet"}
{"name": "monthly_part_parity", "time": 1790513083.568655, "factor": 5, "month": "1927-03", "rows": 25984, "columns": 42, "exact": true, "path": "/home/ubuntu/aspool-labs/dg03-20260927/monthly-5x/parts/1927-03-5cc8dcc92ec94b88a62855e07f1815c1.parquet"}
{"name": "monthly_part_parity", "time": 1790513083.7877054, "factor": 5, "month": "1927-04", "rows": 24687, "columns": 42, "exact": true, "path": "/home/ubuntu/aspool-labs/dg03-20260927/monthly-5x/parts/1927-04-7c2df8304c1547d8a036e50e435947a3.parquet"}
{"name": "monthly_part_parity", "time": 1790513083.9901311, "factor": 5, "month": "1927-05", "rows": 20836, "columns": 42, "exact": true, "path": "/home/ubuntu/aspool-labs/dg03-20260927/monthly-5x/parts/1927-05-de0ab3f9eea543e8b715d40219d65949.parquet"}
{"name": "monthly_part_parity", "time": 1790513084.2021558, "factor": 5, "month": "1927-06", "rows": 25010, "columns": 42, "exact": true, "path": "/home/ubuntu/aspool-labs/dg03-20260927/monthly-5x/parts/1927-06-6b7b3c7de2134f2baf8874e0f0079c23.parquet"}
{"name": "monthly_part_parity", "time": 1790513084.4308424, "factor": 5, "month": "1927-07", "rows": 26598, "columns": 42, "exact": true, "path": "/home/ubuntu/aspool-labs/dg03-20260927/monthly-5x/parts/1927-07-d137668a2a4341b38740566e0c7f16c8.parquet"}
{"name": "monthly_part_parity", "time": 1790513084.672614, "factor": 5, "month": "1927-08", "rows": 27783, "columns": 42, "exact": true, "path": "/home/ubuntu/aspool-labs/dg03-20260927/monthly-5x/parts/1927-08-7275b26882d247f1a3aaa81f9f09d065.parquet"}
{"name": "monthly_part_parity", "time": 1790513084.8946767, "factor": 5, "month": "1927-09", "rows": 24395, "columns": 42, "exact": true, "path": "/home/ubuntu/aspool-labs/dg03-20260927/monthly-5x/parts/1927-09-e3efb16a7152427e993b5fd0da70074e.parquet"}
{"name": "monthly_part_parity", "time": 1790513085.1084697, "factor": 5, "month": "1927-10", "rows": 22102, "columns": 42, "exact": true, "path": "/home/ubuntu/aspool-labs/dg03-20260927/monthly-5x/parts/1927-10-fd732770e65942a3ac6ae26378f43672.parquet"}
{"name": "monthly_part_parity", "time": 1790513085.3514857, "factor": 5, "month": "1927-11", "rows": 27121, "columns": 42, "exact": true, "path": "/home/ubuntu/aspool-labs/dg03-20260927/monthly-5x/parts/1927-11-99e325c645d84037845bb2dc8cbf7734.parquet"}
{"name": "monthly_part_parity", "time": 1790513085.5723026, "factor": 5, "month": "1927-12", "rows": 24856, "columns": 42, "exact": true, "path": "/home/ubuntu/aspool-labs/dg03-20260927/monthly-5x/parts/1927-12-27da8210d36c4adba79f7ceca7ca5c59.parquet"}
{"name": "monthly_part_parity", "time": 1790513085.8334436, "factor": 5, "month": "1928-01", "rows": 27880, "columns": 42, "exact": true, "path": "/home/ubuntu/aspool-labs/dg03-20260927/monthly-5x/parts/1928-01-33af33bd3099450cba23b469d760a1e1.parquet"}
{"name": "monthly_part_parity", "time": 1790513086.0301707, "factor": 5, "month": "1928-02", "rows": 20523, "columns": 42, "exact": true, "path": "/home/ubuntu/aspool-labs/dg03-20260927/monthly-5x/parts/1928-02-467601f23f59404585acf18f7007ef90.parquet"}
{"name": "monthly_part_parity", "time": 1790513086.2663846, "factor": 5, "month": "1928-03", "rows": 26900, "columns": 42, "exact": true, "path": "/home/ubuntu/aspool-labs/dg03-20260927/monthly-5x/parts/1928-03-74b6b17f608747829c8447af86e4d6bb.parquet"}
{"name": "monthly_part_parity", "time": 1790513086.497359, "factor": 5, "month": "1928-04", "rows": 26694, "columns": 42, "exact": true, "path": "/home/ubuntu/aspool-labs/dg03-20260927/monthly-5x/parts/1928-04-3a96458b623449aa9294004d8bc20788.parquet"}
{"name": "monthly_part_parity", "time": 1790513086.7291217, "factor": 5, "month": "1928-05", "rows": 25379, "columns": 42, "exact": true, "path": "/home/ubuntu/aspool-labs/dg03-20260927/monthly-5x/parts/1928-05-c15658cf15084c4f9159c6915ffb82d6.parquet"}
{"name": "monthly_part_parity", "time": 1790513086.956415, "factor": 5, "month": "1928-06", "rows": 26137, "columns": 42, "exact": true, "path": "/home/ubuntu/aspool-labs/dg03-20260927/monthly-5x/parts/1928-06-3d642adaca7042199ed24f8c6ca88e10.parquet"}
{"name": "monthly_part_parity", "time": 1790513087.2345743, "factor": 5, "month": "1928-07", "rows": 30947, "columns": 42, "exact": true, "path": "/home/ubuntu/aspool-labs/dg03-20260927/monthly-5x/parts/1928-07-1777dc62a128463fa4f59a8df478feb4.parquet"}
{"name": "monthly_part_parity", "time": 1790513087.490976, "factor": 5, "month": "1928-08", "rows": 28522, "columns": 42, "exact": true, "path": "/home/ubuntu/aspool-labs/dg03-20260927/monthly-5x/parts/1928-08-cead15b937fa4c55b5ce8e5b13ea6f28.parquet"}
{"name": "monthly_part_parity", "time": 1790513087.7290497, "factor": 5, "month": "1928-09", "rows": 25987, "columns": 42, "exact": true, "path": "/home/ubuntu/aspool-labs/dg03-20260927/monthly-5x/parts/1928-09-b84dfccf1c7d483d80fdd2b24bca70e9.parquet"}
{"name": "monthly_part_parity", "time": 1790513087.98292, "factor": 5, "month": "1928-10", "rows": 27356, "columns": 42, "exact": true, "path": "/home/ubuntu/aspool-labs/dg03-20260927/monthly-5x/parts/1928-10-8d63ace0899d456eb9c5423769144894.parquet"}
{"name": "monthly_part_parity", "time": 1790513088.2373312, "factor": 5, "month": "1928-11", "rows": 27309, "columns": 42, "exact": true, "path": "/home/ubuntu/aspool-labs/dg03-20260927/monthly-5x/parts/1928-11-d295ce856844496a8e357505dc7ff0fe.parquet"}
{"name": "monthly_part_parity", "time": 1790513088.5024798, "factor": 5, "month": "1928-12", "rows": 31466, "columns": 42, "exact": true, "path": "/home/ubuntu/aspool-labs/dg03-20260927/monthly-5x/parts/1928-12-739ec5b70110411b91bebb13ee41ab59.parquet"}
{"name": "monthly_part_parity", "time": 1790513088.702694, "factor": 5, "month": "1929-01", "rows": 20733, "columns": 42, "exact": true, "path": "/home/ubuntu/aspool-labs/dg03-20260927/monthly-5x/parts/1929-01-d0f1ddd9769b46c3b0d26fd3adc9a490.parquet"}
{"name": "monthly_part_parity", "time": 1790513088.953895, "factor": 5, "month": "1929-02", "rows": 27716, "columns": 42, "exact": true, "path": "/home/ubuntu/aspool-labs/dg03-20260927/monthly-5x/parts/1929-02-3894432eb8ef4f4d8dc5273894055d86.parquet"}
{"name": "monthly_part_parity", "time": 1790513089.2155554, "factor": 5, "month": "1929-03", "rows": 30436, "columns": 42, "exact": true, "path": "/home/ubuntu/aspool-labs/dg03-20260927/monthly-5x/parts/1929-03-f02a10a9b1dc4182b7eff99ef421f624.parquet"}
{"name": "monthly_part_parity", "time": 1790513089.4691072, "factor": 5, "month": "1929-04", "rows": 28501, "columns": 42, "exact": true, "path": "/home/ubuntu/aspool-labs/dg03-20260927/monthly-5x/parts/1929-04-b94baa4d1864401fac2c4217b980dd3c.parquet"}
{"name": "monthly_part_parity", "time": 1790513089.6894848, "factor": 5, "month": "1929-05", "rows": 24260, "columns": 42, "exact": true, "path": "/home/ubuntu/aspool-labs/dg03-20260927/monthly-5x/parts/1929-05-b7fd084df98642a981033c8e29d74d80.parquet"}
{"name": "monthly_part_parity", "time": 1790513089.9466023, "factor": 5, "month": "1929-06", "rows": 30142, "columns": 42, "exact": true, "path": "/home/ubuntu/aspool-labs/dg03-20260927/monthly-5x/parts/1929-06-fd92be9703be49b9a89e4c3679d656d3.parquet"}
{"name": "monthly_part_parity", "time": 1790513090.2237298, "factor": 5, "month": "1929-07", "rows": 31658, "columns": 42, "exact": true, "path": "/home/ubuntu/aspool-labs/dg03-20260927/monthly-5x/parts/1929-07-7616f071681e44879cd54ec5bed6bbc3.parquet"}
{"name": "monthly_part_parity", "time": 1790513090.476981, "factor": 5, "month": "1929-08", "rows": 29042, "columns": 42, "exact": true, "path": "/home/ubuntu/aspool-labs/dg03-20260927/monthly-5x/parts/1929-08-6de9addb37744c92ad5d3766ac363b4a.parquet"}
{"name": "monthly_part_parity", "time": 1790513090.7359774, "factor": 5, "month": "1929-09", "rows": 30705, "columns": 42, "exact": true, "path": "/home/ubuntu/aspool-labs/dg03-20260927/monthly-5x/parts/1929-09-aa37dd2a0a054fbb8161e6428f99418e.parquet"}
{"name": "monthly_part_parity", "time": 1790513090.9480646, "factor": 5, "month": "1929-10", "rows": 22630, "columns": 42, "exact": true, "path": "/home/ubuntu/aspool-labs/dg03-20260927/monthly-5x/parts/1929-10-e15f2ca9f04f4f00bdbe364209877b1e.parquet"}
{"name": "monthly_part_parity", "time": 1790513091.2162607, "factor": 5, "month": "1929-11", "rows": 30208, "columns": 42, "exact": true, "path": "/home/ubuntu/aspool-labs/dg03-20260927/monthly-5x/parts/1929-11-1ca731d0c5e04148b7fbb3ae2692367a.parquet"}
{"name": "monthly_part_parity", "time": 1790513091.4999266, "factor": 5, "month": "1929-12", "rows": 33375, "columns": 42, "exact": true, "path": "/home/ubuntu/aspool-labs/dg03-20260927/monthly-5x/parts/1929-12-8a449114abb94bdaa5b6fae85b48fd4b.parquet"}
{"name": "monthly_part_parity", "time": 1790513091.7701046, "factor": 5, "month": "1930-01", "rows": 29950, "columns": 42, "exact": true, "path": "/home/ubuntu/aspool-labs/dg03-20260927/monthly-5x/parts/1930-01-7eeb09d95ab44b7fbc0c68b37c30c40e.parquet"}
{"name": "monthly_part_parity", "time": 1790513091.9874518, "factor": 5, "month": "1930-02", "rows": 22961, "columns": 42, "exact": true, "path": "/home/ubuntu/aspool-labs/dg03-20260927/monthly-5x/parts/1930-02-400a92e3de8e4844b1beb0780a79eadc.parquet"}
{"name": "monthly_part_parity", "time": 1790513092.2904348, "factor": 5, "month": "1930-03", "rows": 35682, "columns": 42, "exact": true, "path": "/home/ubuntu/aspool-labs/dg03-20260927/monthly-5x/parts/1930-03-32ce16cd03c24e088edcf01190ce1cda.parquet"}
{"name": "monthly_part_parity", "time": 1790513092.5707655, "factor": 5, "month": "1930-04", "rows": 32713, "columns": 42, "exact": true, "path": "/home/ubuntu/aspool-labs/dg03-20260927/monthly-5x/parts/1930-04-d13487a032364f25ab857c849c50c7b7.parquet"}
{"name": "monthly_part_parity", "time": 1790513092.8448632, "factor": 5, "month": "1930-05", "rows": 31617, "columns": 42, "exact": true, "path": "/home/ubuntu/aspool-labs/dg03-20260927/monthly-5x/parts/1930-05-551ea13611534e14b33707f7b225f71f.parquet"}
{"name": "monthly_part_parity", "time": 1790513093.1146426, "factor": 5, "month": "1930-06", "rows": 30720, "columns": 42, "exact": true, "path": "/home/ubuntu/aspool-labs/dg03-20260927/monthly-5x/parts/1930-06-8fdb7f82e0734445b46121689f8f8869.parquet"}
{"name": "monthly_part_parity", "time": 1790513093.4295073, "factor": 5, "month": "1930-07", "rows": 36315, "columns": 42, "exact": true, "path": "/home/ubuntu/aspool-labs/dg03-20260927/monthly-5x/parts/1930-07-c7c1c2d07c884319890b1079fd6f19b6.parquet"}
{"name": "monthly_part_parity", "time": 1790513093.7405903, "factor": 5, "month": "1930-08", "rows": 36587, "columns": 42, "exact": true, "path": "/home/ubuntu/aspool-labs/dg03-20260927/monthly-5x/parts/1930-08-347d8653185c4ead8aafaee9b093639e.parquet"}
{"name": "monthly_part_parity", "time": 1790513094.049674, "factor": 5, "month": "1930-09", "rows": 32042, "columns": 42, "exact": true, "path": "/home/ubuntu/aspool-labs/dg03-20260927/monthly-5x/parts/1930-09-0f0681a615c44ff58e380c48c782e747.parquet"}
{"name": "monthly_part_parity", "time": 1790513094.303041, "factor": 5, "month": "1930-10", "rows": 27602, "columns": 42, "exact": true, "path": "/home/ubuntu/aspool-labs/dg03-20260927/monthly-5x/parts/1930-10-a5c2bc75a73c4bd4bf2ac5148f24ab75.parquet"}
{"name": "monthly_part_parity", "time": 1790513094.629753, "factor": 5, "month": "1930-11", "rows": 38338, "columns": 42, "exact": true, "path": "/home/ubuntu/aspool-labs/dg03-20260927/monthly-5x/parts/1930-11-25b16a1db6da4a8a9593f547983b99e4.parquet"}
{"name": "monthly_part_parity", "time": 1790513094.9634058, "factor": 5, "month": "1930-12", "rows": 40584, "columns": 42, "exact": true, "path": "/home/ubuntu/aspool-labs/dg03-20260927/monthly-5x/parts/1930-12-3749a8cd8a564033bd0ef28518e7876a.parquet"}
{"name": "monthly_part_parity", "time": 1790513095.2650337, "factor": 5, "month": "1931-01", "rows": 36142, "columns": 42, "exact": true, "path": "/home/ubuntu/aspool-labs/dg03-20260927/monthly-5x/parts/1931-01-2e44d1b6bda04dc5863fff6a0aa815d6.parquet"}
{"name": "monthly_part_parity", "time": 1790513095.543361, "factor": 5, "month": "1931-02", "rows": 27563, "columns": 42, "exact": true, "path": "/home/ubuntu/aspool-labs/dg03-20260927/monthly-5x/parts/1931-02-d0b2c44eee844795821ce4b55b107adc.parquet"}
{"name": "monthly_part_parity", "time": 1790513095.9067743, "factor": 5, "month": "1931-03", "rows": 42754, "columns": 42, "exact": true, "path": "/home/ubuntu/aspool-labs/dg03-20260927/monthly-5x/parts/1931-03-fda59baff2744894b4ae4bb93be9fc96.parquet"}
{"name": "monthly_part_parity", "time": 1790513096.221626, "factor": 5, "month": "1931-04", "rows": 35212, "columns": 42, "exact": true, "path": "/home/ubuntu/aspool-labs/dg03-20260927/monthly-5x/parts/1931-04-8fb93b34e0ba4b35bedf064f6fa668e2.parquet"}
{"name": "monthly_part_parity", "time": 1790513096.5629883, "factor": 5, "month": "1931-05", "rows": 39426, "columns": 42, "exact": true, "path": "/home/ubuntu/aspool-labs/dg03-20260927/monthly-5x/parts/1931-05-5dfa9db6061848979c88f4c8abf43697.parquet"}
{"name": "monthly_part_parity", "time": 1790513096.9131317, "factor": 5, "month": "1931-06", "rows": 40413, "columns": 42, "exact": true, "path": "/home/ubuntu/aspool-labs/dg03-20260927/monthly-5x/parts/1931-06-46b7ad2bea054fe195359e7abbb7e61c.parquet"}
{"name": "monthly_part_parity", "time": 1790513097.2508717, "factor": 5, "month": "1931-07", "rows": 41149, "columns": 42, "exact": true, "path": "/home/ubuntu/aspool-labs/dg03-20260927/monthly-5x/parts/1931-07-c20fd550def94b62aaf8a7144db0add7.parquet"}
{"name": "monthly_part_parity", "time": 1790513097.6248608, "factor": 5, "month": "1931-08", "rows": 45726, "columns": 42, "exact": true, "path": "/home/ubuntu/aspool-labs/dg03-20260927/monthly-5x/parts/1931-08-8ecfe945adc5411d9e553e258ba84e46.parquet"}
{"name": "monthly_part_parity", "time": 1790513098.001493, "factor": 5, "month": "1931-09", "rows": 42181, "columns": 42, "exact": true, "path": "/home/ubuntu/aspool-labs/dg03-20260927/monthly-5x/parts/1931-09-f6953dcfeba346c09549d19ce2dc7fe3.parquet"}
{"name": "monthly_part_parity", "time": 1790513098.2754006, "factor": 5, "month": "1931-10", "rows": 32429, "columns": 42, "exact": true, "path": "/home/ubuntu/aspool-labs/dg03-20260927/monthly-5x/parts/1931-10-78968a91b4cb4dff8dd90fe129ca29b5.parquet"}
{"name": "monthly_part_parity", "time": 1790513098.6372378, "factor": 5, "month": "1931-11", "rows": 44782, "columns": 42, "exact": true, "path": "/home/ubuntu/aspool-labs/dg03-20260927/monthly-5x/parts/1931-11-55475f21fa7445d0a6bc732e90de9523.parquet"}
{"name": "monthly_part_parity", "time": 1790513099.0298564, "factor": 5, "month": "1931-12", "rows": 45172, "columns": 42, "exact": true, "path": "/home/ubuntu/aspool-labs/dg03-20260927/monthly-5x/parts/1931-12-cd45d3a3c9084dab8032d4a7a59108c1.parquet"}
{"name": "monthly_part_parity", "time": 1790513099.2984757, "factor": 5, "month": "1932-01", "rows": 31090, "columns": 42, "exact": true, "path": "/home/ubuntu/aspool-labs/dg03-20260927/monthly-5x/parts/1932-01-cfbcea42ee474dc1899706df0db5b497.parquet"}
{"name": "monthly_part_parity", "time": 1790513099.6624806, "factor": 5, "month": "1932-02", "rows": 43710, "columns": 42, "exact": true, "path": "/home/ubuntu/aspool-labs/dg03-20260927/monthly-5x/parts/1932-02-4c5e8e03c3c740b997ed3b0cc7274245.parquet"}
{"name": "monthly_part_parity", "time": 1790513100.0309618, "factor": 5, "month": "1932-03", "rows": 46070, "columns": 42, "exact": true, "path": "/home/ubuntu/aspool-labs/dg03-20260927/monthly-5x/parts/1932-03-a213d5bd481e46ce8f29f38d9934c488.parquet"}
{"name": "monthly_part_parity", "time": 1790513100.3563426, "factor": 5, "month": "1932-04", "rows": 35390, "columns": 42, "exact": true, "path": "/home/ubuntu/aspool-labs/dg03-20260927/monthly-5x/parts/1932-04-e0fd46f0e737401ea92f167204d14ff0.parquet"}
{"name": "monthly_part_parity", "time": 1790513100.7520545, "factor": 5, "month": "1932-05", "rows": 46391, "columns": 42, "exact": true, "path": "/home/ubuntu/aspool-labs/dg03-20260927/monthly-5x/parts/1932-05-ee5b85e1c0224dafa98b30b5521dcd49.parquet"}
{"name": "monthly_part_parity", "time": 1790513101.0952594, "factor": 5, "month": "1932-06", "rows": 43133, "columns": 42, "exact": true, "path": "/home/ubuntu/aspool-labs/dg03-20260927/monthly-5x/parts/1932-06-f744583ac09341c18968249b7e3af1dd.parquet"}
{"name": "monthly_part_parity", "time": 1790513101.4721274, "factor": 5, "month": "1932-07", "rows": 48407, "columns": 42, "exact": true, "path": "/home/ubuntu/aspool-labs/dg03-20260927/monthly-5x/parts/1932-07-68349a11338c41718ec85c0e981b45c6.parquet"}
{"name": "monthly_part_parity", "time": 1790513101.8993213, "factor": 5, "month": "1932-08", "rows": 50989, "columns": 42, "exact": true, "path": "/home/ubuntu/aspool-labs/dg03-20260927/monthly-5x/parts/1932-08-7f265ab0f6444b13a28acc56b81913e7.parquet"}
{"name": "monthly_part_parity", "time": 1790513102.2762048, "factor": 5, "month": "1932-09", "rows": 44583, "columns": 42, "exact": true, "path": "/home/ubuntu/aspool-labs/dg03-20260927/monthly-5x/parts/1932-09-1c2b2583453f4849b7aec8fd722f6df1.parquet"}
{"name": "monthly_part_parity", "time": 1790513102.621908, "factor": 5, "month": "1932-10", "rows": 40346, "columns": 42, "exact": true, "path": "/home/ubuntu/aspool-labs/dg03-20260927/monthly-5x/parts/1932-10-f6f2cbed6f2a446983063bd137b85dc8.parquet"}
{"name": "monthly_part_parity", "time": 1790513103.0336604, "factor": 5, "month": "1932-11", "rows": 49400, "columns": 42, "exact": true, "path": "/home/ubuntu/aspool-labs/dg03-20260927/monthly-5x/parts/1932-11-5cf1efe1f5844797bb64e80d24a441e3.parquet"}
{"name": "monthly_part_parity", "time": 1790513103.4154408, "factor": 5, "month": "1932-12", "rows": 46810, "columns": 42, "exact": true, "path": "/home/ubuntu/aspool-labs/dg03-20260927/monthly-5x/parts/1932-12-7b48172d4012404da1afbcdd780772ef.parquet"}
{"name": "monthly_part_parity", "time": 1790513103.8106008, "factor": 5, "month": "1933-01", "rows": 44547, "columns": 42, "exact": true, "path": "/home/ubuntu/aspool-labs/dg03-20260927/monthly-5x/parts/1933-01-cebeb4db6e93401aa427bcb6e1f18bb2.parquet"}
{"name": "monthly_part_parity", "time": 1790513104.1247566, "factor": 5, "month": "1933-02", "rows": 33593, "columns": 42, "exact": true, "path": "/home/ubuntu/aspool-labs/dg03-20260927/monthly-5x/parts/1933-02-3deeded9fdfb4db7b18c955722c8ce98.parquet"}
{"name": "monthly_part_parity", "time": 1790513104.5210626, "factor": 5, "month": "1933-03", "rows": 46932, "columns": 42, "exact": true, "path": "/home/ubuntu/aspool-labs/dg03-20260927/monthly-5x/parts/1933-03-65a34e0cc10d4b00be81ef0f90a46b61.parquet"}
{"name": "monthly_part_parity", "time": 1790513104.880818, "factor": 5, "month": "1933-04", "rows": 40172, "columns": 42, "exact": true, "path": "/home/ubuntu/aspool-labs/dg03-20260927/monthly-5x/parts/1933-04-071f4c50b321452b81bafe53affba226.parquet"}
{"name": "monthly_part_parity", "time": 1790513105.269064, "factor": 5, "month": "1933-05", "rows": 49084, "columns": 42, "exact": true, "path": "/home/ubuntu/aspool-labs/dg03-20260927/monthly-5x/parts/1933-05-20f19ea1aafc47eda8ea87e026987eb2.parquet"}
{"name": "monthly_part_parity", "time": 1790513105.5845714, "factor": 5, "month": "1933-06", "rows": 37741, "columns": 42, "exact": true, "path": "/home/ubuntu/aspool-labs/dg03-20260927/monthly-5x/parts/1933-06-8fabfd3b520a44eaa9863847bd0dea6d.parquet"}
{"name": "monthly_part_parity", "time": 1790513105.9996939, "factor": 5, "month": "1933-07", "rows": 51003, "columns": 42, "exact": true, "path": "/home/ubuntu/aspool-labs/dg03-20260927/monthly-5x/parts/1933-07-560062c483ac4ca2975bd0fa783083a7.parquet"}
{"name": "monthly_part_parity", "time": 1790513106.3875213, "factor": 5, "month": "1933-08", "rows": 48719, "columns": 42, "exact": true, "path": "/home/ubuntu/aspool-labs/dg03-20260927/monthly-5x/parts/1933-08-c3333ff878134d238a8c283aec992dbf.parquet"}
{"name": "monthly_part_parity", "time": 1790513106.7246385, "factor": 5, "month": "1933-09", "rows": 42173, "columns": 42, "exact": true, "path": "/home/ubuntu/aspool-labs/dg03-20260927/monthly-5x/parts/1933-09-c0d8fb021dba47628a352b82ca17411a.parquet"}
{"name": "monthly_part_parity", "time": 1790513107.05858, "factor": 5, "month": "1933-10", "rows": 39999, "columns": 42, "exact": true, "path": "/home/ubuntu/aspool-labs/dg03-20260927/monthly-5x/parts/1933-10-11f66330456c4d9ea1cc647063b2e21f.parquet"}
{"name": "monthly_part_parity", "time": 1790513107.4390268, "factor": 5, "month": "1933-11", "rows": 46497, "columns": 42, "exact": true, "path": "/home/ubuntu/aspool-labs/dg03-20260927/monthly-5x/parts/1933-11-2f1029d3b4fc47f984d7804925a1b5e5.parquet"}
{"name": "monthly_part_parity", "time": 1790513107.838614, "factor": 5, "month": "1933-12", "rows": 48677, "columns": 42, "exact": true, "path": "/home/ubuntu/aspool-labs/dg03-20260927/monthly-5x/parts/1933-12-5de2db60f3e94bbf8a2a752bfd90e5f7.parquet"}
{"name": "monthly_part_parity", "time": 1790513108.2107947, "factor": 5, "month": "1934-01", "rows": 46761, "columns": 42, "exact": true, "path": "/home/ubuntu/aspool-labs/dg03-20260927/monthly-5x/parts/1934-01-2050f9bbae7c40cfaba6676ea1924b80.parquet"}
{"name": "monthly_part_parity", "time": 1790513108.5173674, "factor": 5, "month": "1934-02", "rows": 35899, "columns": 42, "exact": true, "path": "/home/ubuntu/aspool-labs/dg03-20260927/monthly-5x/parts/1934-02-75758d48afa04d6cb92b31fe5ef95c83.parquet"}
{"name": "monthly_part_parity", "time": 1790513108.9227858, "factor": 5, "month": "1934-03", "rows": 46996, "columns": 42, "exact": true, "path": "/home/ubuntu/aspool-labs/dg03-20260927/monthly-5x/parts/1934-03-4fe0b2df50f94afc954182b963e035c6.parquet"}
{"name": "monthly_part_parity", "time": 1790513109.304612, "factor": 5, "month": "1934-04", "rows": 46171, "columns": 42, "exact": true, "path": "/home/ubuntu/aspool-labs/dg03-20260927/monthly-5x/parts/1934-04-9ae4fce9d4e14a6685723496c1c131fd.parquet"}
{"name": "monthly_part_parity", "time": 1790513109.656875, "factor": 5, "month": "1934-05", "rows": 43615, "columns": 42, "exact": true, "path": "/home/ubuntu/aspool-labs/dg03-20260927/monthly-5x/parts/1934-05-43a18c19e89f46a3befe1943ce0e898c.parquet"}
{"name": "monthly_part_parity", "time": 1790513110.0116563, "factor": 5, "month": "1934-06", "rows": 43489, "columns": 42, "exact": true, "path": "/home/ubuntu/aspool-labs/dg03-20260927/monthly-5x/parts/1934-06-886b20a3c32d45d6aa1046efed1e4f98.parquet"}
{"name": "monthly_part_parity", "time": 1790513110.4057708, "factor": 5, "month": "1934-07", "rows": 50110, "columns": 42, "exact": true, "path": "/home/ubuntu/aspool-labs/dg03-20260927/monthly-5x/parts/1934-07-1e8ccd12b5c54c0694235e9ac625c349.parquet"}
{"name": "monthly_part_parity", "time": 1790513110.8217437, "factor": 5, "month": "1934-08", "rows": 46161, "columns": 42, "exact": true, "path": "/home/ubuntu/aspool-labs/dg03-20260927/monthly-5x/parts/1934-08-f5b5e7990b0f454b919b05638d3ea8d0.parquet"}
{"name": "monthly_part_parity", "time": 1790513111.192021, "factor": 5, "month": "1934-09", "rows": 46200, "columns": 42, "exact": true, "path": "/home/ubuntu/aspool-labs/dg03-20260927/monthly-5x/parts/1934-09-6aa191078b3d4d94bbb5ffbf50bccf6d.parquet"}
{"name": "monthly_part_parity", "time": 1790513111.5042348, "factor": 5, "month": "1934-10", "rows": 39788, "columns": 42, "exact": true, "path": "/home/ubuntu/aspool-labs/dg03-20260927/monthly-5x/parts/1934-10-6a245c1acaf245f4bcd9a19b91a10811.parquet"}
{"name": "monthly_part_parity", "time": 1790513111.8593755, "factor": 5, "month": "1934-11", "rows": 44449, "columns": 42, "exact": true, "path": "/home/ubuntu/aspool-labs/dg03-20260927/monthly-5x/parts/1934-11-6a006e4d8b9c48d89023ebbb96591791.parquet"}
{"name": "monthly_part_parity", "time": 1790513112.278645, "factor": 5, "month": "1934-12", "rows": 51101, "columns": 42, "exact": true, "path": "/home/ubuntu/aspool-labs/dg03-20260927/monthly-5x/parts/1934-12-9cf906bca5c94f3898d63e2654446df5.parquet"}
{"name": "monthly_part_parity", "time": 1790513112.6357806, "factor": 5, "month": "1935-01", "rows": 44871, "columns": 42, "exact": true, "path": "/home/ubuntu/aspool-labs/dg03-20260927/monthly-5x/parts/1935-01-d8ef47b0239c46dab2cd0b1c46c65ed2.parquet"}
{"name": "monthly_part_parity", "time": 1790513112.9441252, "factor": 5, "month": "1935-02", "rows": 33999, "columns": 42, "exact": true, "path": "/home/ubuntu/aspool-labs/dg03-20260927/monthly-5x/parts/1935-02-99c38c004cc8473d9e30baa0f642678b.parquet"}
{"name": "monthly_part_parity", "time": 1790513113.3349206, "factor": 5, "month": "1935-03", "rows": 49725, "columns": 42, "exact": true, "path": "/home/ubuntu/aspool-labs/dg03-20260927/monthly-5x/parts/1935-03-d78cf37f03bf4990966c314f7082e4a8.parquet"}
{"name": "monthly_part_parity", "time": 1790513113.703396, "factor": 5, "month": "1935-04", "rows": 47165, "columns": 42, "exact": true, "path": "/home/ubuntu/aspool-labs/dg03-20260927/monthly-5x/parts/1935-04-15799a6cbf6a4c80a189b9c985de6f74.parquet"}
{"name": "monthly_part_parity", "time": 1790513114.0700626, "factor": 5, "month": "1935-05", "rows": 45099, "columns": 42, "exact": true, "path": "/home/ubuntu/aspool-labs/dg03-20260927/monthly-5x/parts/1935-05-db535cddfb564210b15eca8d0ca6f834.parquet"}
{"name": "monthly_part_parity", "time": 1790513114.4374433, "factor": 5, "month": "1935-06", "rows": 47017, "columns": 42, "exact": true, "path": "/home/ubuntu/aspool-labs/dg03-20260927/monthly-5x/parts/1935-06-0d368669748a44f2a9ca1ea48eb7edc5.parquet"}
{"name": "monthly_part_parity", "time": 1790513114.841866, "factor": 5, "month": "1935-07", "rows": 46998, "columns": 42, "exact": true, "path": "/home/ubuntu/aspool-labs/dg03-20260927/monthly-5x/parts/1935-07-dde64d1e972b4f78a4d2ae1d973852e8.parquet"}
{"name": "monthly_part_parity", "time": 1790513115.2112803, "factor": 5, "month": "1935-08", "rows": 46611, "columns": 42, "exact": true, "path": "/home/ubuntu/aspool-labs/dg03-20260927/monthly-5x/parts/1935-08-fab8de3f5ea74d1aa8ea779abbfdb94a.parquet"}
{"name": "monthly_part_parity", "time": 1790513115.600318, "factor": 5, "month": "1935-09", "rows": 45222, "columns": 42, "exact": true, "path": "/home/ubuntu/aspool-labs/dg03-20260927/monthly-5x/parts/1935-09-71df1e15a21348c8a1c6d080e56b642f.parquet"}
{"name": "monthly_part_parity", "time": 1790513115.930902, "factor": 5, "month": "1935-10", "rows": 38777, "columns": 42, "exact": true, "path": "/home/ubuntu/aspool-labs/dg03-20260927/monthly-5x/parts/1935-10-f6c649617321451aaafe8af305d72b5f.parquet"}
{"name": "monthly_part_parity", "time": 1790513116.3239112, "factor": 5, "month": "1935-11", "rows": 49446, "columns": 42, "exact": true, "path": "/home/ubuntu/aspool-labs/dg03-20260927/monthly-5x/parts/1935-11-328cc8b266f74897a6e5b830048a70ea.parquet"}
{"name": "monthly_part_parity", "time": 1790513116.7789142, "factor": 5, "month": "1935-12", "rows": 55814, "columns": 42, "exact": true, "path": "/home/ubuntu/aspool-labs/dg03-20260927/monthly-5x/parts/1935-12-7bc2b659db2147c880d60017a634bf8e.parquet"}
{"name": "monthly_part_parity", "time": 1790513117.1678123, "factor": 5, "month": "1936-01", "rows": 49492, "columns": 42, "exact": true, "path": "/home/ubuntu/aspool-labs/dg03-20260927/monthly-5x/parts/1936-01-bdfa69744c3b4e85ada9a078f54254f7.parquet"}
{"name": "monthly_part_parity", "time": 1790513117.5030344, "factor": 5, "month": "1936-02", "rows": 39573, "columns": 42, "exact": true, "path": "/home/ubuntu/aspool-labs/dg03-20260927/monthly-5x/parts/1936-02-30c85163ff144330a60a36b3fa04b7c7.parquet"}
{"name": "monthly_part_parity", "time": 1790513117.9555538, "factor": 5, "month": "1936-03", "rows": 56754, "columns": 42, "exact": true, "path": "/home/ubuntu/aspool-labs/dg03-20260927/monthly-5x/parts/1936-03-9b3aeba35aaa40af9336028a60f5c5a0.parquet"}
{"name": "monthly_part_parity", "time": 1790513118.342425, "factor": 5, "month": "1936-04", "rows": 48734, "columns": 42, "exact": true, "path": "/home/ubuntu/aspool-labs/dg03-20260927/monthly-5x/parts/1936-04-cb7f59b223f6416a816cf67ced94a74a.parquet"}
{"name": "monthly_part_parity", "time": 1790513118.782884, "factor": 5, "month": "1936-05", "rows": 51700, "columns": 42, "exact": true, "path": "/home/ubuntu/aspool-labs/dg03-20260927/monthly-5x/parts/1936-05-ed4921f36e6e4592a52eb599dabe003d.parquet"}
{"name": "monthly_part_parity", "time": 1790513119.209058, "factor": 5, "month": "1936-06", "rows": 49708, "columns": 42, "exact": true, "path": "/home/ubuntu/aspool-labs/dg03-20260927/monthly-5x/parts/1936-06-66254b55e385447199b369a225f2bcae.parquet"}
{"name": "monthly_part_parity", "time": 1790513119.6249964, "factor": 5, "month": "1936-07", "rows": 53122, "columns": 42, "exact": true, "path": "/home/ubuntu/aspool-labs/dg03-20260927/monthly-5x/parts/1936-07-824f111665274134880b9791a7f33358.parquet"}
{"name": "monthly_part_parity", "time": 1790513120.1308622, "factor": 5, "month": "1936-08", "rows": 59500, "columns": 42, "exact": true, "path": "/home/ubuntu/aspool-labs/dg03-20260927/monthly-5x/parts/1936-08-eb0fb18ea8d545849854db1391fca37d.parquet"}
{"name": "monthly_part_parity", "time": 1790513120.5458155, "factor": 5, "month": "1936-09", "rows": 52108, "columns": 42, "exact": true, "path": "/home/ubuntu/aspool-labs/dg03-20260927/monthly-5x/parts/1936-09-d919cb18283e497cb55be378f73e10f9.parquet"}
{"name": "monthly_part_parity", "time": 1790513120.9105043, "factor": 5, "month": "1936-10", "rows": 42328, "columns": 42, "exact": true, "path": "/home/ubuntu/aspool-labs/dg03-20260927/monthly-5x/parts/1936-10-6f8ceeb110b74371afad1ad42901ddbc.parquet"}
{"name": "monthly_part_parity", "time": 1790513121.4023736, "factor": 5, "month": "1936-11", "rows": 58922, "columns": 42, "exact": true, "path": "/home/ubuntu/aspool-labs/dg03-20260927/monthly-5x/parts/1936-11-8081e7ca200a49fca324c9749b0b347a.parquet"}
{"name": "monthly_part_parity", "time": 1790513121.8955235, "factor": 5, "month": "1936-12", "rows": 59907, "columns": 42, "exact": true, "path": "/home/ubuntu/aspool-labs/dg03-20260927/monthly-5x/parts/1936-12-bcc9a2ee035b44a8ae76a20f036411f5.parquet"}
{"name": "monthly_part_parity", "time": 1790513122.2756116, "factor": 5, "month": "1937-01", "rows": 50082, "columns": 42, "exact": true, "path": "/home/ubuntu/aspool-labs/dg03-20260927/monthly-5x/parts/1937-01-1084956af4a64e56a105b4f4f2322b16.parquet"}
{"name": "monthly_part_parity", "time": 1790513122.6629925, "factor": 5, "month": "1937-02", "rows": 50820, "columns": 42, "exact": true, "path": "/home/ubuntu/aspool-labs/dg03-20260927/monthly-5x/parts/1937-02-73b13663303a4025bf7cfa790c081c03.parquet"}
{"name": "monthly_part_parity", "time": 1790513123.2154424, "factor": 5, "month": "1937-03", "rows": 65622, "columns": 42, "exact": true, "path": "/home/ubuntu/aspool-labs/dg03-20260927/monthly-5x/parts/1937-03-b3735629d97e4c15ae614cfec269b4ae.parquet"}
{"name": "monthly_part_parity", "time": 1790513123.6210692, "factor": 5, "month": "1937-04", "rows": 51962, "columns": 42, "exact": true, "path": "/home/ubuntu/aspool-labs/dg03-20260927/monthly-5x/parts/1937-04-0863fa2a512a44de8d10da5685ef00e1.parquet"}
{"name": "monthly_part_parity", "time": 1790513124.1199117, "factor": 5, "month": "1937-05", "rows": 58340, "columns": 42, "exact": true, "path": "/home/ubuntu/aspool-labs/dg03-20260927/monthly-5x/parts/1937-05-88b0ab4737bf418aa9fae4e844c489fd.parquet"}
{"name": "monthly_part_parity", "time": 1790513124.6526113, "factor": 5, "month": "1937-06", "rows": 64840, "columns": 42, "exact": true, "path": "/home/ubuntu/aspool-labs/dg03-20260927/monthly-5x/parts/1937-06-4caeca1af311414da36b13782638727d.parquet"}
{"name": "monthly_part_parity", "time": 1790513125.15337, "factor": 5, "month": "1937-07", "rows": 62517, "columns": 42, "exact": true, "path": "/home/ubuntu/aspool-labs/dg03-20260927/monthly-5x/parts/1937-07-f02df03db1054684b69bb45544d029ac.parquet"}
{"name": "monthly_part_parity", "time": 1790513125.7359464, "factor": 5, "month": "1937-08", "rows": 69884, "columns": 42, "exact": true, "path": "/home/ubuntu/aspool-labs/dg03-20260927/monthly-5x/parts/1937-08-eb33b3eb49e1451c9d9a55f4b8d7dc6f.parquet"}
{"name": "monthly_part_parity", "time": 1790513126.2631137, "factor": 5, "month": "1937-09", "rows": 65021, "columns": 42, "exact": true, "path": "/home/ubuntu/aspool-labs/dg03-20260927/monthly-5x/parts/1937-09-8aed748a6fd14337bd60de202e28bdce.parquet"}
{"name": "monthly_part_parity", "time": 1790513126.6667724, "factor": 5, "month": "1937-10", "rows": 53402, "columns": 42, "exact": true, "path": "/home/ubuntu/aspool-labs/dg03-20260927/monthly-5x/parts/1937-10-9be10a6f82214279b416941fe39e2ab2.parquet"}
{"name": "monthly_part_parity", "time": 1790513127.2614555, "factor": 5, "month": "1937-11", "rows": 69978, "columns": 42, "exact": true, "path": "/home/ubuntu/aspool-labs/dg03-20260927/monthly-5x/parts/1937-11-8370aae8e6654eccaa827dc7cb9b7d8a.parquet"}
{"name": "monthly_part_parity", "time": 1790513127.8433948, "factor": 5, "month": "1937-12", "rows": 66863, "columns": 42, "exact": true, "path": "/home/ubuntu/aspool-labs/dg03-20260927/monthly-5x/parts/1937-12-18de229e3ebe43c9882f32acca919c8b.parquet"}
{"name": "monthly_part_parity", "time": 1790513128.431572, "factor": 5, "month": "1938-01", "rows": 70696, "columns": 42, "exact": true, "path": "/home/ubuntu/aspool-labs/dg03-20260927/monthly-5x/parts/1938-01-0e167455a19a41cf9acf1cdd29e2e355.parquet"}
{"name": "monthly_part_parity", "time": 1790513128.8166173, "factor": 5, "month": "1938-02", "rows": 47447, "columns": 42, "exact": true, "path": "/home/ubuntu/aspool-labs/dg03-20260927/monthly-5x/parts/1938-02-af31d6af9acc4270ac88eb3fe12b3f68.parquet"}
{"name": "monthly_part_parity", "time": 1790513129.3892848, "factor": 5, "month": "1938-03", "rows": 70435, "columns": 42, "exact": true, "path": "/home/ubuntu/aspool-labs/dg03-20260927/monthly-5x/parts/1938-03-66b169b072a04384a0b2af3f537e42a9.parquet"}
{"name": "monthly_part_parity", "time": 1790513129.8152072, "factor": 5, "month": "1938-04", "rows": 57901, "columns": 42, "exact": true, "path": "/home/ubuntu/aspool-labs/dg03-20260927/monthly-5x/parts/1938-04-9900a22ca01d484a8bfe80b408e4f6ad.parquet"}
{"name": "monthly_part_parity", "time": 1790513130.3945394, "factor": 5, "month": "1938-05", "rows": 71487, "columns": 42, "exact": true, "path": "/home/ubuntu/aspool-labs/dg03-20260927/monthly-5x/parts/1938-05-8bbef8250df146bf91e37aa38ae41961.parquet"}
{"name": "monthly_part_parity", "time": 1790513130.9192896, "factor": 5, "month": "1938-06", "rows": 65330, "columns": 42, "exact": true, "path": "/home/ubuntu/aspool-labs/dg03-20260927/monthly-5x/parts/1938-06-c4075e8e9849484abc6bba05215f429e.parquet"}
{"name": "monthly_part_parity", "time": 1790513131.507093, "factor": 5, "month": "1938-07", "rows": 73196, "columns": 42, "exact": true, "path": "/home/ubuntu/aspool-labs/dg03-20260927/monthly-5x/parts/1938-07-f099744f68ca41a0b2c63eaf094ddfdd.parquet"}
{"name": "monthly_part_parity", "time": 1790513132.1444879, "factor": 5, "month": "1938-08", "rows": 77563, "columns": 42, "exact": true, "path": "/home/ubuntu/aspool-labs/dg03-20260927/monthly-5x/parts/1938-08-80fc7d6e643e4322aa55b34bfb842bc7.parquet"}
{"name": "monthly_part_parity", "time": 1790513132.6805851, "factor": 5, "month": "1938-09", "rows": 64603, "columns": 42, "exact": true, "path": "/home/ubuntu/aspool-labs/dg03-20260927/monthly-5x/parts/1938-09-1b9fe441410e4d589cb9fc0b450a7f4f.parquet"}
{"name": "monthly_part_parity", "time": 1790513133.2019024, "factor": 5, "month": "1938-10", "rows": 61716, "columns": 42, "exact": true, "path": "/home/ubuntu/aspool-labs/dg03-20260927/monthly-5x/parts/1938-10-d44fea247e4d4c8eb88577114b66ed3c.parquet"}
{"name": "monthly_part_parity", "time": 1790513133.962485, "factor": 5, "month": "1938-11", "rows": 76048, "columns": 42, "exact": true, "path": "/home/ubuntu/aspool-labs/dg03-20260927/monthly-5x/parts/1938-11-8df0a970deea4ddd8e24fc558d7c6a65.parquet"}
{"name": "monthly_part_parity", "time": 1790513134.5319285, "factor": 5, "month": "1938-12", "rows": 69760, "columns": 42, "exact": true, "path": "/home/ubuntu/aspool-labs/dg03-20260927/monthly-5x/parts/1938-12-a82a01ae8100462e81510bc5e34ca079.parquet"}
{"name": "monthly_part_parity", "time": 1790513135.1925044, "factor": 5, "month": "1939-01", "rows": 77160, "columns": 42, "exact": true, "path": "/home/ubuntu/aspool-labs/dg03-20260927/monthly-5x/parts/1939-01-88d7acaa5c844fed8d6358392502d8a1.parquet"}
{"name": "monthly_part_parity", "time": 1790513135.6045332, "factor": 5, "month": "1939-02", "rows": 52840, "columns": 42, "exact": true, "path": "/home/ubuntu/aspool-labs/dg03-20260927/monthly-5x/parts/1939-02-10ff780c964e471e8a053e6af1fb4e62.parquet"}
{"name": "monthly_part_parity", "time": 1790513136.239986, "factor": 5, "month": "1939-03", "rows": 74051, "columns": 42, "exact": true, "path": "/home/ubuntu/aspool-labs/dg03-20260927/monthly-5x/parts/1939-03-dac7e8c6a7974fafb6f89d2d3d5af0eb.parquet"}
{"name": "monthly_part_parity", "time": 1790513136.891763, "factor": 5, "month": "1939-04", "rows": 74275, "columns": 42, "exact": true, "path": "/home/ubuntu/aspool-labs/dg03-20260927/monthly-5x/parts/1939-04-3358f4e7ca7e45fe9dc66a40fc42651c.parquet"}
{"name": "monthly_part_parity", "time": 1790513137.5045168, "factor": 5, "month": "1939-05", "rows": 71147, "columns": 42, "exact": true, "path": "/home/ubuntu/aspool-labs/dg03-20260927/monthly-5x/parts/1939-05-25a05dae76ee42a487c610d70221cc1a.parquet"}
{"name": "monthly_part_parity", "time": 1790513138.0579813, "factor": 5, "month": "1939-06", "rows": 67790, "columns": 42, "exact": true, "path": "/home/ubuntu/aspool-labs/dg03-20260927/monthly-5x/parts/1939-06-3f3d350dc7b042ffa7034251dd43f11a.parquet"}
{"name": "monthly_part_parity", "time": 1790513138.7427886, "factor": 5, "month": "1939-07", "rows": 82841, "columns": 42, "exact": true, "path": "/home/ubuntu/aspool-labs/dg03-20260927/monthly-5x/parts/1939-07-494fa70b15bb4ceb8ae010569b1e0d06.parquet"}
{"name": "monthly_part_parity", "time": 1790513139.4029663, "factor": 5, "month": "1939-08", "rows": 80047, "columns": 42, "exact": true, "path": "/home/ubuntu/aspool-labs/dg03-20260927/monthly-5x/parts/1939-08-e8c039e2710144c7b441744cdf8e790d.parquet"}
{"name": "monthly_part_parity", "time": 1790513140.0064356, "factor": 5, "month": "1939-09", "rows": 73104, "columns": 42, "exact": true, "path": "/home/ubuntu/aspool-labs/dg03-20260927/monthly-5x/parts/1939-09-7bbb680182f846f486aafa2ff2991a35.parquet"}
{"name": "monthly_part_parity", "time": 1790513140.598373, "factor": 5, "month": "1939-10", "rows": 66061, "columns": 42, "exact": true, "path": "/home/ubuntu/aspool-labs/dg03-20260927/monthly-5x/parts/1939-10-af4af897018a45af9cd1714b2889e83e.parquet"}
{"name": "monthly_part_parity", "time": 1790513141.2758906, "factor": 5, "month": "1939-11", "rows": 77906, "columns": 42, "exact": true, "path": "/home/ubuntu/aspool-labs/dg03-20260927/monthly-5x/parts/1939-11-a59f6d6b04fa404a88bc9fea59d04d14.parquet"}
{"name": "monthly_part_parity", "time": 1790513141.9799323, "factor": 5, "month": "1939-12", "rows": 82381, "columns": 42, "exact": true, "path": "/home/ubuntu/aspool-labs/dg03-20260927/monthly-5x/parts/1939-12-ac9f6d7557f849c3aa704d57598af4fb.parquet"}
{"name": "monthly_part_parity", "time": 1790513142.4871345, "factor": 5, "month": "1940-01", "rows": 60431, "columns": 42, "exact": true, "path": "/home/ubuntu/aspool-labs/dg03-20260927/monthly-5x/parts/1940-01-7e1ef9d9d66d4d988f71ede0f94cf538.parquet"}
{"name": "monthly_part_parity", "time": 1790513143.1126678, "factor": 5, "month": "1940-02", "rows": 76344, "columns": 42, "exact": true, "path": "/home/ubuntu/aspool-labs/dg03-20260927/monthly-5x/parts/1940-02-5c3faaddb69740bba970f3e11692fe5d.parquet"}
{"name": "monthly_part_parity", "time": 1790513143.8126965, "factor": 5, "month": "1940-03", "rows": 84443, "columns": 42, "exact": true, "path": "/home/ubuntu/aspool-labs/dg03-20260927/monthly-5x/parts/1940-03-0b7a6fc5de844a51b0f42320cd70327c.parquet"}
{"name": "monthly_part_parity", "time": 1790513144.5100758, "factor": 5, "month": "1940-04", "rows": 81102, "columns": 42, "exact": true, "path": "/home/ubuntu/aspool-labs/dg03-20260927/monthly-5x/parts/1940-04-9607183c33bc4b9083ecc6a3f9096623.parquet"}
{"name": "monthly_part_parity", "time": 1790513145.1014042, "factor": 5, "month": "1940-05", "rows": 70012, "columns": 42, "exact": true, "path": "/home/ubuntu/aspool-labs/dg03-20260927/monthly-5x/parts/1940-05-9d883115e88e4d989bdcaa73b5ac4f6b.parquet"}
{"name": "monthly_part_parity", "time": 1790513145.758183, "factor": 5, "month": "1940-06", "rows": 78329, "columns": 42, "exact": true, "path": "/home/ubuntu/aspool-labs/dg03-20260927/monthly-5x/parts/1940-06-9a9b27490f874ee6a7c38bded6035be6.parquet"}
{"name": "monthly_part_parity", "time": 1790513146.4742346, "factor": 5, "month": "1940-07", "rows": 91176, "columns": 42, "exact": true, "path": "/home/ubuntu/aspool-labs/dg03-20260927/monthly-5x/parts/1940-07-aca7acfcc2914fc8a4b2d7593b50d1ec.parquet"}
{"name": "monthly_part_parity", "time": 1790513147.150067, "factor": 5, "month": "1940-08", "rows": 84975, "columns": 42, "exact": true, "path": "/home/ubuntu/aspool-labs/dg03-20260927/monthly-5x/parts/1940-08-f129400cf30b4437bda5d9ebd77e821e.parquet"}
{"name": "monthly_part_parity", "time": 1790513147.897218, "factor": 5, "month": "1940-09", "rows": 90538, "columns": 42, "exact": true, "path": "/home/ubuntu/aspool-labs/dg03-20260927/monthly-5x/parts/1940-09-d800f204a08e42aba86259055933b638.parquet"}
{"name": "monthly_part_parity", "time": 1790513148.4826372, "factor": 5, "month": "1940-10", "rows": 66763, "columns": 42, "exact": true, "path": "/home/ubuntu/aspool-labs/dg03-20260927/monthly-5x/parts/1940-10-798841277e1b43738ba477ad56d219d9.parquet"}
{"name": "monthly_part_parity", "time": 1790513149.2346494, "factor": 5, "month": "1940-11", "rows": 88393, "columns": 42, "exact": true, "path": "/home/ubuntu/aspool-labs/dg03-20260927/monthly-5x/parts/1940-11-fe8e2d578b0641a5ad2ffc42dacd694b.parquet"}
{"name": "monthly_part_parity", "time": 1790513150.04407, "factor": 5, "month": "1940-12", "rows": 97797, "columns": 42, "exact": true, "path": "/home/ubuntu/aspool-labs/dg03-20260927/monthly-5x/parts/1940-12-e660aafe199344c5a7b4a319a7ce7c28.parquet"}
{"name": "monthly_part_parity", "time": 1790513150.735782, "factor": 5, "month": "1941-01", "rows": 86227, "columns": 42, "exact": true, "path": "/home/ubuntu/aspool-labs/dg03-20260927/monthly-5x/parts/1941-01-eada7f281a52465fb09804d82dc867a8.parquet"}
{"name": "monthly_part_parity", "time": 1790513151.275139, "factor": 5, "month": "1941-02", "rows": 65451, "columns": 42, "exact": true, "path": "/home/ubuntu/aspool-labs/dg03-20260927/monthly-5x/parts/1941-02-a9b6aa9a18f24a80a641ca5489e28ae3.parquet"}
{"name": "monthly_part_parity", "time": 1790513152.0739236, "factor": 5, "month": "1941-03", "rows": 101859, "columns": 42, "exact": true, "path": "/home/ubuntu/aspool-labs/dg03-20260927/monthly-5x/parts/1941-03-4272cb9985f941d0b6d91fc4df442ad6.parquet"}
{"name": "monthly_part_parity", "time": 1790513152.8149717, "factor": 5, "month": "1941-04", "rows": 94502, "columns": 42, "exact": true, "path": "/home/ubuntu/aspool-labs/dg03-20260927/monthly-5x/parts/1941-04-3161f4643b93413198a1873a46fc5b17.parquet"}
{"name": "monthly_part_parity", "time": 1790513153.490918, "factor": 5, "month": "1941-05", "rows": 82119, "columns": 42, "exact": true, "path": "/home/ubuntu/aspool-labs/dg03-20260927/monthly-5x/parts/1941-05-49e36e7876c249d1a6beac95218e574b.parquet"}
{"name": "monthly_part_parity", "time": 1790513154.2608187, "factor": 5, "month": "1941-06", "rows": 97173, "columns": 42, "exact": true, "path": "/home/ubuntu/aspool-labs/dg03-20260927/monthly-5x/parts/1941-06-c873898262d747cca219e2bc0c8ac46a.parquet"}
{"name": "monthly_part_parity", "time": 1790513155.0812602, "factor": 5, "month": "1941-07", "rows": 103782, "columns": 42, "exact": true, "path": "/home/ubuntu/aspool-labs/dg03-20260927/monthly-5x/parts/1941-07-48848913b5fe44da8ba600f2f0efbd39.parquet"}
{"name": "monthly_part_parity", "time": 1790513155.8972566, "factor": 5, "month": "1941-08", "rows": 105590, "columns": 42, "exact": true, "path": "/home/ubuntu/aspool-labs/dg03-20260927/monthly-5x/parts/1941-08-7b5699da229744109cf53f2d13e9ec74.parquet"}
{"name": "monthly_part_parity", "time": 1790513156.8021543, "factor": 5, "month": "1941-09", "rows": 97177, "columns": 42, "exact": true, "path": "/home/ubuntu/aspool-labs/dg03-20260927/monthly-5x/parts/1941-09-d4ca42f66491430fab6b6ab8718d1ca2.parquet"}
{"name": "monthly_part_parity", "time": 1790513157.6741025, "factor": 5, "month": "1941-10", "rows": 78558, "columns": 42, "exact": true, "path": "/home/ubuntu/aspool-labs/dg03-20260927/monthly-5x/parts/1941-10-044fb368ce894205accc0e7f0266830c.parquet"}
{"name": "monthly_part_parity", "time": 1790513158.8094788, "factor": 5, "month": "1941-11", "rows": 109336, "columns": 42, "exact": true, "path": "/home/ubuntu/aspool-labs/dg03-20260927/monthly-5x/parts/1941-11-407facc51c2241beb72ae2b125b5379b.parquet"}
{"name": "monthly_part_parity", "time": 1790513160.0125983, "factor": 5, "month": "1941-12", "rows": 115759, "columns": 42, "exact": true, "path": "/home/ubuntu/aspool-labs/dg03-20260927/monthly-5x/parts/1941-12-3a6a4d5d187c4268a07325cadf2ef355.parquet"}
{"name": "monthly_part_parity", "time": 1790513160.9705172, "factor": 5, "month": "1942-01", "rows": 96806, "columns": 42, "exact": true, "path": "/home/ubuntu/aspool-labs/dg03-20260927/monthly-5x/parts/1942-01-f65386c24cbe46c880530385c48dcc1d.parquet"}
{"name": "monthly_part_parity", "time": 1790513161.8198698, "factor": 5, "month": "1942-02", "rows": 82240, "columns": 42, "exact": true, "path": "/home/ubuntu/aspool-labs/dg03-20260927/monthly-5x/parts/1942-02-0f61261f9ba4493bbd42103942517ef8.parquet"}
{"name": "monthly_part_parity", "time": 1790513163.0266354, "factor": 5, "month": "1942-03", "rows": 119063, "columns": 42, "exact": true, "path": "/home/ubuntu/aspool-labs/dg03-20260927/monthly-5x/parts/1942-03-d7ca7bb010394b6586e14c055c6715e7.parquet"}
{"name": "monthly_part_parity", "time": 1790513164.0568876, "factor": 5, "month": "1942-04", "rows": 99100, "columns": 42, "exact": true, "path": "/home/ubuntu/aspool-labs/dg03-20260927/monthly-5x/parts/1942-04-884f7df5670c468494aa7713de425c84.parquet"}
{"name": "monthly_part_parity", "time": 1790513165.0779173, "factor": 5, "month": "1942-05", "rows": 99715, "columns": 42, "exact": true, "path": "/home/ubuntu/aspool-labs/dg03-20260927/monthly-5x/parts/1942-05-6328c01880764836a68825fb55a21fad.parquet"}
{"name": "monthly_part_parity", "time": 1790513166.2493494, "factor": 5, "month": "1942-06", "rows": 110994, "columns": 42, "exact": true, "path": "/home/ubuntu/aspool-labs/dg03-20260927/monthly-5x/parts/1942-06-0c762eba7dfd45dd835698cc93eea23b.parquet"}
{"name": "monthly_part_parity", "time": 1790513167.412905, "factor": 5, "month": "1942-07", "rows": 111961, "columns": 42, "exact": true, "path": "/home/ubuntu/aspool-labs/dg03-20260927/monthly-5x/parts/1942-07-ade67e9cd3c340ee93aaef6e562c89a6.parquet"}
{"name": "monthly_part_parity", "time": 1790513168.6928542, "factor": 5, "month": "1942-08", "rows": 124049, "columns": 42, "exact": true, "path": "/home/ubuntu/aspool-labs/dg03-20260927/monthly-5x/parts/1942-08-0f7c151bad554451b7eead646cd76d3c.parquet"}
{"name": "monthly_part_parity", "time": 1790513169.8672867, "factor": 5, "month": "1942-09", "rows": 114466, "columns": 42, "exact": true, "path": "/home/ubuntu/aspool-labs/dg03-20260927/monthly-5x/parts/1942-09-7d20f773b751444389e01ef3d95457a6.parquet"}
{"name": "monthly_part_parity", "time": 1790513170.8251796, "factor": 5, "month": "1942-10", "rows": 87940, "columns": 42, "exact": true, "path": "/home/ubuntu/aspool-labs/dg03-20260927/monthly-5x/parts/1942-10-7797ef9a71374a5283bb44f2134caf80.parquet"}
{"name": "monthly_part_parity", "time": 1790513172.104008, "factor": 5, "month": "1942-11", "rows": 121917, "columns": 42, "exact": true, "path": "/home/ubuntu/aspool-labs/dg03-20260927/monthly-5x/parts/1942-11-0dcd386b36e14482a287092cb8995763.parquet"}
{"name": "monthly_part_parity", "time": 1790513173.3132308, "factor": 5, "month": "1942-12", "rows": 123104, "columns": 42, "exact": true, "path": "/home/ubuntu/aspool-labs/dg03-20260927/monthly-5x/parts/1942-12-9c8d940373de4abf82809952a28ed661.parquet"}
{"name": "monthly_part_parity", "time": 1790513174.2447846, "factor": 5, "month": "1943-01", "rows": 90271, "columns": 42, "exact": true, "path": "/home/ubuntu/aspool-labs/dg03-20260927/monthly-5x/parts/1943-01-3ec261eede3f48c4b0728222290c0ee7.parquet"}
{"name": "monthly_part_parity", "time": 1790513175.4359362, "factor": 5, "month": "1943-02", "rows": 113371, "columns": 42, "exact": true, "path": "/home/ubuntu/aspool-labs/dg03-20260927/monthly-5x/parts/1943-02-f225463c60ee4d37bb6d7b8d5b9904a5.parquet"}
{"name": "monthly_part_parity", "time": 1790513176.8432279, "factor": 5, "month": "1943-03", "rows": 131354, "columns": 42, "exact": true, "path": "/home/ubuntu/aspool-labs/dg03-20260927/monthly-5x/parts/1943-03-3021504bc7ac4873bc26c8520d189fe6.parquet"}
{"name": "monthly_part_parity", "time": 1790513177.9813607, "factor": 5, "month": "1943-04", "rows": 109399, "columns": 42, "exact": true, "path": "/home/ubuntu/aspool-labs/dg03-20260927/monthly-5x/parts/1943-04-e1dcd2c78b6e4137accdf93776cb7388.parquet"}
{"name": "monthly_part_parity", "time": 1790513179.185876, "factor": 5, "month": "1943-05", "rows": 115911, "columns": 42, "exact": true, "path": "/home/ubuntu/aspool-labs/dg03-20260927/monthly-5x/parts/1943-05-eb893b3811fd4331ab155dbeefe11146.parquet"}
{"name": "monthly_part_parity", "time": 1790513180.388095, "factor": 5, "month": "1943-06", "rows": 116734, "columns": 42, "exact": true, "path": "/home/ubuntu/aspool-labs/dg03-20260927/monthly-5x/parts/1943-06-4d8b44b86451450b9ffdc9dbad76b391.parquet"}
{"name": "monthly_part_parity", "time": 1790513181.656677, "factor": 5, "month": "1943-07", "rows": 123772, "columns": 42, "exact": true, "path": "/home/ubuntu/aspool-labs/dg03-20260927/monthly-5x/parts/1943-07-73e22255f215450988402ca31d123912.parquet"}
{"name": "monthly_part_parity", "time": 1790513183.0118437, "factor": 5, "month": "1943-08", "rows": 136699, "columns": 42, "exact": true, "path": "/home/ubuntu/aspool-labs/dg03-20260927/monthly-5x/parts/1943-08-490f4f0df6fc4833a65b50531c65a366.parquet"}
{"name": "monthly_part_parity", "time": 1790513184.239261, "factor": 5, "month": "1943-09", "rows": 119718, "columns": 42, "exact": true, "path": "/home/ubuntu/aspool-labs/dg03-20260927/monthly-5x/parts/1943-09-4ba8fc63ebc34156b3ed49f975f2664f.parquet"}
{"name": "monthly_part_parity", "time": 1790513185.2891998, "factor": 5, "month": "1943-10", "rows": 102331, "columns": 42, "exact": true, "path": "/home/ubuntu/aspool-labs/dg03-20260927/monthly-5x/parts/1943-10-9b23b72b5bef47c0afbb528de9bf15f7.parquet"}
{"name": "monthly_part_parity", "time": 1790513186.6272426, "factor": 5, "month": "1943-11", "rows": 133070, "columns": 42, "exact": true, "path": "/home/ubuntu/aspool-labs/dg03-20260927/monthly-5x/parts/1943-11-d4bc23ac0c41428aa0eb83dadac1e2a3.parquet"}
{"name": "monthly_part_parity", "time": 1790513187.8800585, "factor": 5, "month": "1943-12", "rows": 127777, "columns": 42, "exact": true, "path": "/home/ubuntu/aspool-labs/dg03-20260927/monthly-5x/parts/1943-12-134cc1d78b5a4607a89b0b4bddd0229e.parquet"}
{"name": "monthly_part_parity", "time": 1790513189.2217598, "factor": 5, "month": "1944-01", "rows": 134630, "columns": 42, "exact": true, "path": "/home/ubuntu/aspool-labs/dg03-20260927/monthly-5x/parts/1944-01-e787a600fab246bc84e4b0448d58b027.parquet"}
{"name": "monthly_part_parity", "time": 1790513190.1349177, "factor": 5, "month": "1944-02", "rows": 92110, "columns": 42, "exact": true, "path": "/home/ubuntu/aspool-labs/dg03-20260927/monthly-5x/parts/1944-02-8292d493130d4d8d864c502a444b3668.parquet"}
{"name": "monthly_part_parity", "time": 1790513191.444464, "factor": 5, "month": "1944-03", "rows": 129292, "columns": 42, "exact": true, "path": "/home/ubuntu/aspool-labs/dg03-20260927/monthly-5x/parts/1944-03-f4bedee3b65b4d8da1ea135801208343.parquet"}
{"name": "monthly_part_parity", "time": 1790513192.6982577, "factor": 5, "month": "1944-04", "rows": 123598, "columns": 42, "exact": true, "path": "/home/ubuntu/aspool-labs/dg03-20260927/monthly-5x/parts/1944-04-c11396d7223c49268c9f8cab3f8675ce.parquet"}
{"name": "monthly_part_parity", "time": 1790513194.0934584, "factor": 5, "month": "1944-05", "rows": 124105, "columns": 42, "exact": true, "path": "/home/ubuntu/aspool-labs/dg03-20260927/monthly-5x/parts/1944-05-abe5fb7581d9460da20475a6344df161.parquet"}
{"name": "monthly_part_parity", "time": 1790513195.3714888, "factor": 5, "month": "1944-06", "rows": 118268, "columns": 42, "exact": true, "path": "/home/ubuntu/aspool-labs/dg03-20260927/monthly-5x/parts/1944-06-edfc8b5e9c1d4a33bdecb892cd29b4e5.parquet"}
{"name": "monthly_part_parity", "time": 1790513196.854171, "factor": 5, "month": "1944-07", "rows": 143582, "columns": 42, "exact": true, "path": "/home/ubuntu/aspool-labs/dg03-20260927/monthly-5x/parts/1944-07-0215b08cf76d4a61a93e217aad21e309.parquet"}
{"name": "monthly_part_parity", "time": 1790513198.2389407, "factor": 5, "month": "1944-08", "rows": 137687, "columns": 42, "exact": true, "path": "/home/ubuntu/aspool-labs/dg03-20260927/monthly-5x/parts/1944-08-6c27ad231e1844dd889818bfbe8a6980.parquet"}
{"name": "monthly_part_parity", "time": 1790513199.4375684, "factor": 5, "month": "1944-09", "rows": 119223, "columns": 42, "exact": true, "path": "/home/ubuntu/aspool-labs/dg03-20260927/monthly-5x/parts/1944-09-12a4ec6201534206ba654dc4ed43ac96.parquet"}
{"name": "monthly_part_parity", "time": 1790513200.564393, "factor": 5, "month": "1944-10", "rows": 113273, "columns": 42, "exact": true, "path": "/home/ubuntu/aspool-labs/dg03-20260927/monthly-5x/parts/1944-10-a06f4c57057248f8984ba9a6c0ac4ac1.parquet"}
{"name": "monthly_part_parity", "time": 1790513201.897164, "factor": 5, "month": "1944-11", "rows": 132575, "columns": 42, "exact": true, "path": "/home/ubuntu/aspool-labs/dg03-20260927/monthly-5x/parts/1944-11-8776ae25603640b19ec9eaed7a158767.parquet"}
{"name": "monthly_part_parity", "time": 1790513203.295397, "factor": 5, "month": "1944-12", "rows": 139518, "columns": 42, "exact": true, "path": "/home/ubuntu/aspool-labs/dg03-20260927/monthly-5x/parts/1944-12-ce367873be014e42ab2fd494130eab2d.parquet"}
{"name": "monthly_part_parity", "time": 1790513204.4409714, "factor": 5, "month": "1945-01", "rows": 114741, "columns": 42, "exact": true, "path": "/home/ubuntu/aspool-labs/dg03-20260927/monthly-5x/parts/1945-01-747be7d02fb84e71bf3b3a2aadb85d2d.parquet"}
{"name": "monthly_part_parity", "time": 1790513205.5973744, "factor": 5, "month": "1945-02", "rows": 115500, "columns": 42, "exact": true, "path": "/home/ubuntu/aspool-labs/dg03-20260927/monthly-5x/parts/1945-02-7ce3dc4e918f430aa373f607b66f0cc5.parquet"}
{"name": "monthly_part_parity", "time": 1790513206.9958005, "factor": 5, "month": "1945-03", "rows": 135290, "columns": 42, "exact": true, "path": "/home/ubuntu/aspool-labs/dg03-20260927/monthly-5x/parts/1945-03-1e367579f19c4438b512cc01c17617e9.parquet"}
{"name": "monthly_part_parity", "time": 1790513208.381199, "factor": 5, "month": "1945-04", "rows": 136154, "columns": 42, "exact": true, "path": "/home/ubuntu/aspool-labs/dg03-20260927/monthly-5x/parts/1945-04-f260422dc3d64059841a10ea02d2562c.parquet"}
{"name": "monthly_part_parity", "time": 1790513209.615096, "factor": 5, "month": "1945-05", "rows": 123948, "columns": 42, "exact": true, "path": "/home/ubuntu/aspool-labs/dg03-20260927/monthly-5x/parts/1945-05-5c3fcab8cea348fb92db6f0f9c281ee7.parquet"}
{"name": "monthly_part_parity", "time": 1790513210.9331229, "factor": 5, "month": "1945-06", "rows": 131212, "columns": 42, "exact": true, "path": "/home/ubuntu/aspool-labs/dg03-20260927/monthly-5x/parts/1945-06-5ed0443c917a452a97ae8befb7ef8191.parquet"}
{"name": "monthly_part_parity", "time": 1790513212.469794, "factor": 5, "month": "1945-07", "rows": 151810, "columns": 42, "exact": true, "path": "/home/ubuntu/aspool-labs/dg03-20260927/monthly-5x/parts/1945-07-7383a10db37a4eda93bf22cc7f8548bd.parquet"}
{"name": "monthly_part_parity", "time": 1790513213.849954, "factor": 5, "month": "1945-08", "rows": 139589, "columns": 42, "exact": true, "path": "/home/ubuntu/aspool-labs/dg03-20260927/monthly-5x/parts/1945-08-d8d6ad10dd954a98b4c207a7b44641e6.parquet"}
{"name": "monthly_part_parity", "time": 1790513215.3477862, "factor": 5, "month": "1945-09", "rows": 147203, "columns": 42, "exact": true, "path": "/home/ubuntu/aspool-labs/dg03-20260927/monthly-5x/parts/1945-09-98ec77c5d89241da8cf932380cd7ec03.parquet"}
{"name": "monthly_part_parity", "time": 1790513216.5185788, "factor": 5, "month": "1945-10", "rows": 114530, "columns": 42, "exact": true, "path": "/home/ubuntu/aspool-labs/dg03-20260927/monthly-5x/parts/1945-10-942fb2795f0e409796d688ccc270dc13.parquet"}
{"name": "monthly_part_parity", "time": 1790513217.8904364, "factor": 5, "month": "1945-11", "rows": 135451, "columns": 42, "exact": true, "path": "/home/ubuntu/aspool-labs/dg03-20260927/monthly-5x/parts/1945-11-acfcd7fde46d4588bcbda54b25b74626.parquet"}
{"name": "monthly_part_parity", "time": 1790513219.472571, "factor": 5, "month": "1945-12", "rows": 156480, "columns": 42, "exact": true, "path": "/home/ubuntu/aspool-labs/dg03-20260927/monthly-5x/parts/1945-12-d699b2db52904e5d8053fb5e5f04c6b9.parquet"}
{"name": "monthly_part_parity", "time": 1790513220.8318846, "factor": 5, "month": "1946-01", "rows": 136990, "columns": 42, "exact": true, "path": "/home/ubuntu/aspool-labs/dg03-20260927/monthly-5x/parts/1946-01-57ca2aa459614e289fe0b5810dda208c.parquet"}
{"name": "monthly_part_parity", "time": 1790513221.8019152, "factor": 5, "month": "1946-02", "rows": 96462, "columns": 42, "exact": true, "path": "/home/ubuntu/aspool-labs/dg03-20260927/monthly-5x/parts/1946-02-7c3a42eb0378448bacd16e562e8ff629.parquet"}
{"name": "monthly_part_parity", "time": 1790513223.3276649, "factor": 5, "month": "1946-03", "rows": 152277, "columns": 42, "exact": true, "path": "/home/ubuntu/aspool-labs/dg03-20260927/monthly-5x/parts/1946-03-539b62938daf463e8b6f1e355d57153d.parquet"}
{"name": "monthly_part_parity", "time": 1790513224.78932, "factor": 5, "month": "1946-04", "rows": 146261, "columns": 42, "exact": true, "path": "/home/ubuntu/aspool-labs/dg03-20260927/monthly-5x/parts/1946-04-a4c717e59af74ee49ea67b5fb69c4356.parquet"}
{"name": "monthly_part_parity", "time": 1790513226.055546, "factor": 5, "month": "1946-05", "rows": 126236, "columns": 42, "exact": true, "path": "/home/ubuntu/aspool-labs/dg03-20260927/monthly-5x/parts/1946-05-1a0c35a697b84b0bb9db1f4d81f540f6.parquet"}
{"name": "monthly_part_parity", "time": 1790513227.575398, "factor": 5, "month": "1946-06", "rows": 148424, "columns": 42, "exact": true, "path": "/home/ubuntu/aspool-labs/dg03-20260927/monthly-5x/parts/1946-06-892c7bc32c454a85a49ccf5403347d05.parquet"}
{"name": "monthly_part_parity", "time": 1790513229.2244983, "factor": 5, "month": "1946-07", "rows": 163728, "columns": 42, "exact": true, "path": "/home/ubuntu/aspool-labs/dg03-20260927/monthly-5x/parts/1946-07-5c9e6e5d4c084e3eade47df6489e1563.parquet"}
{"name": "monthly_part_parity", "time": 1790513230.7639232, "factor": 5, "month": "1946-08", "rows": 150570, "columns": 42, "exact": true, "path": "/home/ubuntu/aspool-labs/dg03-20260927/monthly-5x/parts/1946-08-ab315af1ede54bf8966b5c9866ba7360.parquet"}
{"name": "monthly_part_parity", "time": 1790513232.1236336, "factor": 5, "month": "1946-09", "rows": 129979, "columns": 42, "exact": true, "path": "/home/ubuntu/aspool-labs/dg03-20260927/monthly-5x/parts/1946-09-5aae173894e540cdadec92dfb3f59f2b.parquet"}
{"name": "monthly_part_parity", "time": 1790513232.3217883, "factor": 5, "month": "1880-01", "rows": 14374, "columns": 42, "exact": true, "path": "/home/ubuntu/aspool-labs/dg03-20260927/monthly-5x/parts/1880-01-27272d82b29c484ca1a3a7a0fe0dab70.parquet"}
{"name": "monthly_part_parity", "time": 1790513232.443046, "factor": 5, "month": "1880-02", "rows": 9100, "columns": 42, "exact": true, "path": "/home/ubuntu/aspool-labs/dg03-20260927/monthly-5x/parts/1880-02-f2c6de2a266048b8baf62fdcc0786bb7.parquet"}
{"name": "monthly_part_parity", "time": 1790513232.6160116, "factor": 5, "month": "1880-03", "rows": 17554, "columns": 42, "exact": true, "path": "/home/ubuntu/aspool-labs/dg03-20260927/monthly-5x/parts/1880-03-c367e884e8224c4f9a067033fa927400.parquet"}
{"name": "monthly_part_parity", "time": 1790513232.7704072, "factor": 5, "month": "1880-04", "rows": 15243, "columns": 42, "exact": true, "path": "/home/ubuntu/aspool-labs/dg03-20260927/monthly-5x/parts/1880-04-1ae5f7f2cbb04efc9845e6f4dc231866.parquet"}
{"name": "monthly_part_parity", "time": 1790513232.9179742, "factor": 5, "month": "1880-05", "rows": 13629, "columns": 42, "exact": true, "path": "/home/ubuntu/aspool-labs/dg03-20260927/monthly-5x/parts/1880-05-1fd6bffd9e3b4ccfbbd8ffeca3c20057.parquet"}
{"name": "monthly_part_parity", "time": 1790513233.0824268, "factor": 5, "month": "1880-06", "rows": 17174, "columns": 42, "exact": true, "path": "/home/ubuntu/aspool-labs/dg03-20260927/monthly-5x/parts/1880-06-a0b989f937484903a0045f68787dd834.parquet"}
{"name": "monthly_part_parity", "time": 1790513233.2641947, "factor": 5, "month": "1880-07", "rows": 16840, "columns": 42, "exact": true, "path": "/home/ubuntu/aspool-labs/dg03-20260927/monthly-5x/parts/1880-07-737b5db6202d45d380d4895429a0ff41.parquet"}
{"name": "monthly_part_parity", "time": 1790513233.4413536, "factor": 5, "month": "1880-08", "rows": 18709, "columns": 42, "exact": true, "path": "/home/ubuntu/aspool-labs/dg03-20260927/monthly-5x/parts/1880-08-71c074cf98ff48858ac300abd1e2ed05.parquet"}
{"name": "monthly_part_parity", "time": 1790513233.6101227, "factor": 5, "month": "1880-09", "rows": 17144, "columns": 42, "exact": true, "path": "/home/ubuntu/aspool-labs/dg03-20260927/monthly-5x/parts/1880-09-74b145a33818430cbb623eb675c4ca16.parquet"}
{"name": "monthly_part_parity", "time": 1790513233.7574198, "factor": 5, "month": "1880-10", "rows": 14089, "columns": 42, "exact": true, "path": "/home/ubuntu/aspool-labs/dg03-20260927/monthly-5x/parts/1880-10-cbc9cc4fddf84c6e8188a761ba03dce5.parquet"}
{"name": "monthly_part_parity", "time": 1790513233.9269733, "factor": 5, "month": "1880-11", "rows": 18424, "columns": 42, "exact": true, "path": "/home/ubuntu/aspool-labs/dg03-20260927/monthly-5x/parts/1880-11-e67a44d47f3e4149a016bed65332c322.parquet"}
{"name": "monthly_part_parity", "time": 1790513234.0932264, "factor": 5, "month": "1880-12", "rows": 17806, "columns": 42, "exact": true, "path": "/home/ubuntu/aspool-labs/dg03-20260927/monthly-5x/parts/1880-12-b078f78f2bb14bd7863c99bf9b121a06.parquet"}
{"name": "monthly_part_parity", "time": 1790513234.2303889, "factor": 5, "month": "1881-01", "rows": 12160, "columns": 42, "exact": true, "path": "/home/ubuntu/aspool-labs/dg03-20260927/monthly-5x/parts/1881-01-9070595d2c344273a8438c82be3d2148.parquet"}
{"name": "monthly_part_parity", "time": 1790513234.3982074, "factor": 5, "month": "1881-02", "rows": 15888, "columns": 42, "exact": true, "path": "/home/ubuntu/aspool-labs/dg03-20260927/monthly-5x/parts/1881-02-0b8cce2125e4428685b0b167bcc7f6d3.parquet"}
{"name": "monthly_part_parity", "time": 1790513234.600832, "factor": 5, "month": "1881-03", "rows": 19611, "columns": 42, "exact": true, "path": "/home/ubuntu/aspool-labs/dg03-20260927/monthly-5x/parts/1881-03-045fedbe0b954714b9dceb677c6c32ea.parquet"}
{"name": "monthly_part_parity", "time": 1790513234.7937715, "factor": 5, "month": "1881-04", "rows": 18660, "columns": 42, "exact": true, "path": "/home/ubuntu/aspool-labs/dg03-20260927/monthly-5x/parts/1881-04-94ea0a01dbb74836b128fddc08473755.parquet"}
{"name": "monthly_part_parity", "time": 1790513234.9521825, "factor": 5, "month": "1881-05", "rows": 15820, "columns": 42, "exact": true, "path": "/home/ubuntu/aspool-labs/dg03-20260927/monthly-5x/parts/1881-05-8cd0bea292a0463da80d920a6c43a2d0.parquet"}
{"name": "monthly_part_parity", "time": 1790513235.1332102, "factor": 5, "month": "1881-06", "rows": 18852, "columns": 42, "exact": true, "path": "/home/ubuntu/aspool-labs/dg03-20260927/monthly-5x/parts/1881-06-1ed93a5e2f2f490aac0827a497b55b5f.parquet"}
{"name": "monthly_part_parity", "time": 1790513235.32454, "factor": 5, "month": "1881-07", "rows": 20013, "columns": 42, "exact": true, "path": "/home/ubuntu/aspool-labs/dg03-20260927/monthly-5x/parts/1881-07-bb98f21e58134dc5944a4436ebc439f6.parquet"}
{"name": "monthly_part_parity", "time": 1790513235.5226321, "factor": 5, "month": "1881-08", "rows": 20991, "columns": 42, "exact": true, "path": "/home/ubuntu/aspool-labs/dg03-20260927/monthly-5x/parts/1881-08-60714f2e5623430e9c313a77e699f08a.parquet"}
{"name": "monthly_part_parity", "time": 1790513235.7006264, "factor": 5, "month": "1881-09", "rows": 18356, "columns": 42, "exact": true, "path": "/home/ubuntu/aspool-labs/dg03-20260927/monthly-5x/parts/1881-09-ed1c663571004e7c86d190ba574a1ce5.parquet"}
{"name": "monthly_part_parity", "time": 1790513235.855919, "factor": 5, "month": "1881-10", "rows": 16569, "columns": 42, "exact": true, "path": "/home/ubuntu/aspool-labs/dg03-20260927/monthly-5x/parts/1881-10-66e5aede5ddc4cf1b8af2c4769a9ac1f.parquet"}
{"name": "monthly_part_parity", "time": 1790513236.0432136, "factor": 5, "month": "1881-11", "rows": 20310, "columns": 42, "exact": true, "path": "/home/ubuntu/aspool-labs/dg03-20260927/monthly-5x/parts/1881-11-4f8e22fc7430449dbd900cba46078165.parquet"}
{"name": "monthly_part_parity", "time": 1790513236.229453, "factor": 5, "month": "1881-12", "rows": 19315, "columns": 42, "exact": true, "path": "/home/ubuntu/aspool-labs/dg03-20260927/monthly-5x/parts/1881-12-ec6f9735d971414b9d12bbd2d6ef6422.parquet"}
{"name": "monthly_part_parity", "time": 1790513236.4095266, "factor": 5, "month": "1882-01", "rows": 18674, "columns": 42, "exact": true, "path": "/home/ubuntu/aspool-labs/dg03-20260927/monthly-5x/parts/1882-01-8a1763060e034812878afaa93e1dbb4a.parquet"}
{"name": "monthly_part_parity", "time": 1790513236.52818, "factor": 5, "month": "1882-02", "rows": 9330, "columns": 42, "exact": true, "path": "/home/ubuntu/aspool-labs/dg03-20260927/monthly-5x/parts/1882-02-7303e6b12b274e00b376921f67fbe4d8.parquet"}
{"name": "monthly_part_parity", "time": 1790513236.7098913, "factor": 5, "month": "1882-03", "rows": 19683, "columns": 42, "exact": true, "path": "/home/ubuntu/aspool-labs/dg03-20260927/monthly-5x/parts/1882-03-155e486669ea4f4b87e0de15f3c81864.parquet"}
{"name": "monthly_part_parity", "time": 1790513236.901526, "factor": 5, "month": "1882-04", "rows": 20495, "columns": 42, "exact": true, "path": "/home/ubuntu/aspool-labs/dg03-20260927/monthly-5x/parts/1882-04-da2444f0dfe24954ae8ee7428f8b208a.parquet"}
{"name": "monthly_part_parity", "time": 1790513237.0707188, "factor": 5, "month": "1882-05", "rows": 16657, "columns": 42, "exact": true, "path": "/home/ubuntu/aspool-labs/dg03-20260927/monthly-5x/parts/1882-05-9f3391aa0dd4465793dba44f1a1fbcba.parquet"}
{"name": "monthly_part_parity", "time": 1790513237.2618945, "factor": 5, "month": "1882-06", "rows": 18805, "columns": 42, "exact": true, "path": "/home/ubuntu/aspool-labs/dg03-20260927/monthly-5x/parts/1882-06-2d7ac65bea15421c960a12b3f35ee8e6.parquet"}
{"name": "monthly_part_parity", "time": 1790513237.476554, "factor": 5, "month": "1882-07", "rows": 22078, "columns": 42, "exact": true, "path": "/home/ubuntu/aspool-labs/dg03-20260927/monthly-5x/parts/1882-07-6f2fa785ac094877b719aa6ed59fbf94.parquet"}
{"name": "monthly_part_parity", "time": 1790513237.6733847, "factor": 5, "month": "1882-08", "rows": 21401, "columns": 42, "exact": true, "path": "/home/ubuntu/aspool-labs/dg03-20260927/monthly-5x/parts/1882-08-6098f782aaf047669843336ca2c40628.parquet"}
{"name": "monthly_part_parity", "time": 1790513237.8565202, "factor": 5, "month": "1882-09", "rows": 19513, "columns": 42, "exact": true, "path": "/home/ubuntu/aspool-labs/dg03-20260927/monthly-5x/parts/1882-09-19f4e0e6492249738b4d408b7b89a8e7.parquet"}
{"name": "monthly_part_parity", "time": 1790513238.03909, "factor": 5, "month": "1882-10", "rows": 17695, "columns": 42, "exact": true, "path": "/home/ubuntu/aspool-labs/dg03-20260927/monthly-5x/parts/1882-10-8fecca128c4f4dd4a0c262459d222e4a.parquet"}
{"name": "monthly_part_parity", "time": 1790513238.2453587, "factor": 5, "month": "1882-11", "rows": 20795, "columns": 42, "exact": true, "path": "/home/ubuntu/aspool-labs/dg03-20260927/monthly-5x/parts/1882-11-5b42eb39ec4a47a2ae99596ce2dbe7a7.parquet"}
{"name": "monthly_part_parity", "time": 1790513238.4468367, "factor": 5, "month": "1882-12", "rows": 21767, "columns": 42, "exact": true, "path": "/home/ubuntu/aspool-labs/dg03-20260927/monthly-5x/parts/1882-12-8685b60939f049a89287ffee5ac192d1.parquet"}
{"name": "monthly_part_parity", "time": 1790513238.6250522, "factor": 5, "month": "1883-01", "rows": 20056, "columns": 42, "exact": true, "path": "/home/ubuntu/aspool-labs/dg03-20260927/monthly-5x/parts/1883-01-9b06b18dd299486182e7b9026e9f91d1.parquet"}
{"name": "monthly_part_parity", "time": 1790513238.791241, "factor": 5, "month": "1883-02", "rows": 15058, "columns": 42, "exact": true, "path": "/home/ubuntu/aspool-labs/dg03-20260927/monthly-5x/parts/1883-02-d062bcf94f384a7fb1571496508b4599.parquet"}
{"name": "monthly_part_parity", "time": 1790513238.9937432, "factor": 5, "month": "1883-03", "rows": 21176, "columns": 42, "exact": true, "path": "/home/ubuntu/aspool-labs/dg03-20260927/monthly-5x/parts/1883-03-81e902e8a8974ee9a7e8e97d53f281bc.parquet"}
{"name": "monthly_part_parity", "time": 1790513239.1860306, "factor": 5, "month": "1883-04", "rows": 22021, "columns": 42, "exact": true, "path": "/home/ubuntu/aspool-labs/dg03-20260927/monthly-5x/parts/1883-04-8388e3f513cb42158997da7289b5ea5c.parquet"}
{"name": "monthly_part_parity", "time": 1790513239.3415704, "factor": 5, "month": "1883-05", "rows": 14824, "columns": 42, "exact": true, "path": "/home/ubuntu/aspool-labs/dg03-20260927/monthly-5x/parts/1883-05-de0c2241db714e979415f0eaee967982.parquet"}
{"name": "monthly_part_parity", "time": 1790513239.55282, "factor": 5, "month": "1883-06", "rows": 20977, "columns": 42, "exact": true, "path": "/home/ubuntu/aspool-labs/dg03-20260927/monthly-5x/parts/1883-06-247dca2eee824b39a68032307df727fd.parquet"}
{"name": "monthly_part_parity", "time": 1790513239.7534623, "factor": 5, "month": "1883-07", "rows": 23579, "columns": 42, "exact": true, "path": "/home/ubuntu/aspool-labs/dg03-20260927/monthly-5x/parts/1883-07-c3be8efef2f448dc9c0727919635e922.parquet"}
{"name": "monthly_part_parity", "time": 1790513239.9479825, "factor": 5, "month": "1883-08", "rows": 21676, "columns": 42, "exact": true, "path": "/home/ubuntu/aspool-labs/dg03-20260927/monthly-5x/parts/1883-08-8edf87d6631d41b183a054bf658143a3.parquet"}
{"name": "monthly_part_parity", "time": 1790513240.1920984, "factor": 5, "month": "1883-09", "rows": 22770, "columns": 42, "exact": true, "path": "/home/ubuntu/aspool-labs/dg03-20260927/monthly-5x/parts/1883-09-a7a3ddeb64c2462daa69799cc9162019.parquet"}
{"name": "monthly_part_parity", "time": 1790513240.3731673, "factor": 5, "month": "1883-10", "rows": 18795, "columns": 42, "exact": true, "path": "/home/ubuntu/aspool-labs/dg03-20260927/monthly-5x/parts/1883-10-f7187bfffed34731ab9c98b52f6257a5.parquet"}
{"name": "monthly_part_parity", "time": 1790513240.5661724, "factor": 5, "month": "1883-11", "rows": 21045, "columns": 42, "exact": true, "path": "/home/ubuntu/aspool-labs/dg03-20260927/monthly-5x/parts/1883-11-2e6c7e437ffd444293292cd95f32bbe7.parquet"}
{"name": "monthly_part_parity", "time": 1790513240.788078, "factor": 5, "month": "1883-12", "rows": 24242, "columns": 42, "exact": true, "path": "/home/ubuntu/aspool-labs/dg03-20260927/monthly-5x/parts/1883-12-94dec12450c74aeeb546152a91755457.parquet"}
{"name": "monthly_part_parity", "time": 1790513240.9405282, "factor": 5, "month": "1884-01", "rows": 13839, "columns": 42, "exact": true, "path": "/home/ubuntu/aspool-labs/dg03-20260927/monthly-5x/parts/1884-01-0ed0196f3c724ac4871da0e5cc7344d2.parquet"}
{"name": "monthly_part_parity", "time": 1790513241.1538508, "factor": 5, "month": "1884-02", "rows": 21358, "columns": 42, "exact": true, "path": "/home/ubuntu/aspool-labs/dg03-20260927/monthly-5x/parts/1884-02-4a157cecf77544d1ae31e0bd7bec49e7.parquet"}
{"name": "monthly_part_parity", "time": 1790513241.3642704, "factor": 5, "month": "1884-03", "rows": 24595, "columns": 42, "exact": true, "path": "/home/ubuntu/aspool-labs/dg03-20260927/monthly-5x/parts/1884-03-d1638ee234044c26b3c32cfcab2b1bd7.parquet"}
{"name": "monthly_part_parity", "time": 1790513241.598638, "factor": 5, "month": "1884-04", "rows": 23529, "columns": 42, "exact": true, "path": "/home/ubuntu/aspool-labs/dg03-20260927/monthly-5x/parts/1884-04-675bdf0c9631446eb9c7d1469092cac6.parquet"}
{"name": "monthly_part_parity", "time": 1790513241.7704146, "factor": 5, "month": "1884-05", "rows": 16983, "columns": 42, "exact": true, "path": "/home/ubuntu/aspool-labs/dg03-20260927/monthly-5x/parts/1884-05-262bd2161b7d4a839405b9ea4b4d9c79.parquet"}
{"name": "monthly_part_parity", "time": 1790513242.0012612, "factor": 5, "month": "1884-06", "rows": 23905, "columns": 42, "exact": true, "path": "/home/ubuntu/aspool-labs/dg03-20260927/monthly-5x/parts/1884-06-b70d9e65f0e14df28d6e5f9c8c8cf441.parquet"}
{"name": "monthly_part_parity", "time": 1790513242.2533092, "factor": 5, "month": "1884-07", "rows": 24683, "columns": 42, "exact": true, "path": "/home/ubuntu/aspool-labs/dg03-20260927/monthly-5x/parts/1884-07-44f3f4ef40ce43afb6d0da58543afeb4.parquet"}
{"name": "monthly_part_parity", "time": 1790513242.5003757, "factor": 5, "month": "1884-08", "rows": 25028, "columns": 42, "exact": true, "path": "/home/ubuntu/aspool-labs/dg03-20260927/monthly-5x/parts/1884-08-9ee0536443334bab820e496df70d9f06.parquet"}
{"name": "monthly_part_parity", "time": 1790513242.716769, "factor": 5, "month": "1884-09", "rows": 25075, "columns": 42, "exact": true, "path": "/home/ubuntu/aspool-labs/dg03-20260927/monthly-5x/parts/1884-09-3d563c10129f4b6fa9c441210de079fa.parquet"}
{"name": "monthly_part_parity", "time": 1790513242.8927245, "factor": 5, "month": "1884-10", "rows": 18310, "columns": 42, "exact": true, "path": "/home/ubuntu/aspool-labs/dg03-20260927/monthly-5x/parts/1884-10-5b2a4d03bf0c4b9ab0b7403367a3af31.parquet"}
{"name": "monthly_part_parity", "time": 1790513243.1075082, "factor": 5, "month": "1884-11", "rows": 25235, "columns": 42, "exact": true, "path": "/home/ubuntu/aspool-labs/dg03-20260927/monthly-5x/parts/1884-11-359c9e57b57d4f7f84fe15e3fce069df.parquet"}
{"name": "monthly_part_parity", "time": 1790513243.3393598, "factor": 5, "month": "1884-12", "rows": 26475, "columns": 42, "exact": true, "path": "/home/ubuntu/aspool-labs/dg03-20260927/monthly-5x/parts/1884-12-da19a29535b24f04a7b8cb33794a65be.parquet"}
{"name": "monthly_part_parity", "time": 1790513243.5396466, "factor": 5, "month": "1885-01", "rows": 23157, "columns": 42, "exact": true, "path": "/home/ubuntu/aspool-labs/dg03-20260927/monthly-5x/parts/1885-01-03eed4748f1245188f1b3925eb0b18d6.parquet"}
{"name": "monthly_part_parity", "time": 1790513243.6934853, "factor": 5, "month": "1885-02", "rows": 15062, "columns": 42, "exact": true, "path": "/home/ubuntu/aspool-labs/dg03-20260927/monthly-5x/parts/1885-02-dd195e7098ad4d3e8d50a5458032431c.parquet"}
{"name": "monthly_part_parity", "time": 1790513243.926118, "factor": 5, "month": "1885-03", "rows": 26623, "columns": 42, "exact": true, "path": "/home/ubuntu/aspool-labs/dg03-20260927/monthly-5x/parts/1885-03-1c8ab03aad924c2d834f7803ee87af9f.parquet"}
{"name": "monthly_part_parity", "time": 1790513244.1465793, "factor": 5, "month": "1885-04", "rows": 24107, "columns": 42, "exact": true, "path": "/home/ubuntu/aspool-labs/dg03-20260927/monthly-5x/parts/1885-04-96f99f2984fa4a549b33bba10ebd2f31.parquet"}
{"name": "monthly_part_parity", "time": 1790513244.3207996, "factor": 5, "month": "1885-05", "rows": 19173, "columns": 42, "exact": true, "path": "/home/ubuntu/aspool-labs/dg03-20260927/monthly-5x/parts/1885-05-1aec88c7b4564e6c9f4495c7dcfe674f.parquet"}
{"name": "monthly_part_parity", "time": 1790513244.5255148, "factor": 5, "month": "1885-06", "rows": 24973, "columns": 42, "exact": true, "path": "/home/ubuntu/aspool-labs/dg03-20260927/monthly-5x/parts/1885-06-69e6f2d7ce67460ba74ed1ab76e47289.parquet"}
{"name": "monthly_part_parity", "time": 1790513244.7399247, "factor": 5, "month": "1885-07", "rows": 24246, "columns": 42, "exact": true, "path": "/home/ubuntu/aspool-labs/dg03-20260927/monthly-5x/parts/1885-07-f1ee9cb91cfb459891e87411fe4b8680.parquet"}
{"name": "monthly_part_parity", "time": 1790513244.955543, "factor": 5, "month": "1885-08", "rows": 26419, "columns": 42, "exact": true, "path": "/home/ubuntu/aspool-labs/dg03-20260927/monthly-5x/parts/1885-08-7aa2856cd78f486596f2a10e4c673518.parquet"}
{"name": "monthly_part_parity", "time": 1790513245.167867, "factor": 5, "month": "1885-09", "rows": 24834, "columns": 42, "exact": true, "path": "/home/ubuntu/aspool-labs/dg03-20260927/monthly-5x/parts/1885-09-c49f36ca2f5e4807ae5bc0a62078f48c.parquet"}
{"name": "monthly_part_parity", "time": 1790513245.3514357, "factor": 5, "month": "1885-10", "rows": 17199, "columns": 42, "exact": true, "path": "/home/ubuntu/aspool-labs/dg03-20260927/monthly-5x/parts/1885-10-28fa775c46a04c8587dac3a31c45be5f.parquet"}
{"name": "monthly_part_parity", "time": 1790513245.5552115, "factor": 5, "month": "1885-11", "rows": 23750, "columns": 42, "exact": true, "path": "/home/ubuntu/aspool-labs/dg03-20260927/monthly-5x/parts/1885-11-0bb664d79fa44003aaca17a42ede5257.parquet"}
{"name": "monthly_part_parity", "time": 1790513245.7533472, "factor": 5, "month": "1885-12", "rows": 23220, "columns": 42, "exact": true, "path": "/home/ubuntu/aspool-labs/dg03-20260927/monthly-5x/parts/1885-12-b75a8561a26241a39d83cdbc4a71e8cc.parquet"}
{"name": "monthly_part_parity", "time": 1790513245.9225664, "factor": 5, "month": "1886-01", "rows": 16673, "columns": 42, "exact": true, "path": "/home/ubuntu/aspool-labs/dg03-20260927/monthly-5x/parts/1886-01-27bf3da052164caa96a6d251f1d83225.parquet"}
{"name": "monthly_part_parity", "time": 1790513246.0949204, "factor": 5, "month": "1886-02", "rows": 17621, "columns": 42, "exact": true, "path": "/home/ubuntu/aspool-labs/dg03-20260927/monthly-5x/parts/1886-02-e22ffefeeea247e09bd15a768765f325.parquet"}
{"name": "monthly_part_parity", "time": 1790513246.2976563, "factor": 5, "month": "1886-03", "rows": 22712, "columns": 42, "exact": true, "path": "/home/ubuntu/aspool-labs/dg03-20260927/monthly-5x/parts/1886-03-535ddf4f6cf941a1b3123a73b1896dac.parquet"}
{"name": "monthly_part_parity", "time": 1790513246.497069, "factor": 5, "month": "1886-04", "rows": 19520, "columns": 42, "exact": true, "path": "/home/ubuntu/aspool-labs/dg03-20260927/monthly-5x/parts/1886-04-dc0df920011f46e1a09ad835251414a6.parquet"}
{"name": "monthly_part_parity", "time": 1790513246.67534, "factor": 5, "month": "1886-05", "rows": 17346, "columns": 42, "exact": true, "path": "/home/ubuntu/aspool-labs/dg03-20260927/monthly-5x/parts/1886-05-cd913d10c01a47d393537867d3066f58.parquet"}
{"name": "monthly_part_parity", "time": 1790513246.870148, "factor": 5, "month": "1886-06", "rows": 22032, "columns": 42, "exact": true, "path": "/home/ubuntu/aspool-labs/dg03-20260927/monthly-5x/parts/1886-06-9b957d885a9e44979e2aaae9e8cf6175.parquet"}
{"name": "monthly_part_parity", "time": 1790513247.0601416, "factor": 5, "month": "1886-07", "rows": 21805, "columns": 42, "exact": true, "path": "/home/ubuntu/aspool-labs/dg03-20260927/monthly-5x/parts/1886-07-ff747259a43d4cf28446ce9d49d5822b.parquet"}
{"name": "monthly_part_parity", "time": 1790513247.2720454, "factor": 5, "month": "1886-08", "rows": 24962, "columns": 42, "exact": true, "path": "/home/ubuntu/aspool-labs/dg03-20260927/monthly-5x/parts/1886-08-83d8dbfa452c45e6aaec939186cb0295.parquet"}
{"name": "monthly_part_parity", "time": 1790513247.483308, "factor": 5, "month": "1886-09", "rows": 23395, "columns": 42, "exact": true, "path": "/home/ubuntu/aspool-labs/dg03-20260927/monthly-5x/parts/1886-09-b41e8544bfa94705af284613fd8479ba.parquet"}
{"name": "monthly_part_parity", "time": 1790513247.6651144, "factor": 5, "month": "1886-10", "rows": 19180, "columns": 42, "exact": true, "path": "/home/ubuntu/aspool-labs/dg03-20260927/monthly-5x/parts/1886-10-862c7dda02de4609b56893cf1c9360d5.parquet"}
{"name": "monthly_part_parity", "time": 1790513247.8817976, "factor": 5, "month": "1886-11", "rows": 25082, "columns": 42, "exact": true, "path": "/home/ubuntu/aspool-labs/dg03-20260927/monthly-5x/parts/1886-11-8d46b6503c12487293c966f01d940189.parquet"}
{"name": "monthly_part_parity", "time": 1790513248.0821452, "factor": 5, "month": "1886-12", "rows": 23833, "columns": 42, "exact": true, "path": "/home/ubuntu/aspool-labs/dg03-20260927/monthly-5x/parts/1886-12-880a325ce16b483b962503fa64c20de5.parquet"}
{"name": "monthly_part_parity", "time": 1790513248.2832174, "factor": 5, "month": "1887-01", "rows": 23014, "columns": 42, "exact": true, "path": "/home/ubuntu/aspool-labs/dg03-20260927/monthly-5x/parts/1887-01-d12165b826634d5e956843d1bb76d853.parquet"}
{"name": "monthly_part_parity", "time": 1790513248.454875, "factor": 5, "month": "1887-02", "rows": 17555, "columns": 42, "exact": true, "path": "/home/ubuntu/aspool-labs/dg03-20260927/monthly-5x/parts/1887-02-cb0116cf6d084c5c8af4026bec1fdfb8.parquet"}
{"name": "monthly_part_parity", "time": 1790513248.6934144, "factor": 5, "month": "1887-03", "rows": 25984, "columns": 42, "exact": true, "path": "/home/ubuntu/aspool-labs/dg03-20260927/monthly-5x/parts/1887-03-7358f1a27a2b4dc9928acf9ec724fc34.parquet"}
{"name": "monthly_part_parity", "time": 1790513248.9046643, "factor": 5, "month": "1887-04", "rows": 24687, "columns": 42, "exact": true, "path": "/home/ubuntu/aspool-labs/dg03-20260927/monthly-5x/parts/1887-04-120d55de2ffa4fc0a6310929fc34d4db.parquet"}
{"name": "monthly_part_parity", "time": 1790513249.0959399, "factor": 5, "month": "1887-05", "rows": 20836, "columns": 42, "exact": true, "path": "/home/ubuntu/aspool-labs/dg03-20260927/monthly-5x/parts/1887-05-c1981293648042cf8667bc9adf309fe9.parquet"}
{"name": "monthly_part_parity", "time": 1790513249.3147166, "factor": 5, "month": "1887-06", "rows": 25010, "columns": 42, "exact": true, "path": "/home/ubuntu/aspool-labs/dg03-20260927/monthly-5x/parts/1887-06-79e1da390e9f40519faf24613cc7a37a.parquet"}
{"name": "monthly_part_parity", "time": 1790513249.5378964, "factor": 5, "month": "1887-07", "rows": 26598, "columns": 42, "exact": true, "path": "/home/ubuntu/aspool-labs/dg03-20260927/monthly-5x/parts/1887-07-549da893b42a43ea83346c5097facc5e.parquet"}
{"name": "monthly_part_parity", "time": 1790513249.7710774, "factor": 5, "month": "1887-08", "rows": 27783, "columns": 42, "exact": true, "path": "/home/ubuntu/aspool-labs/dg03-20260927/monthly-5x/parts/1887-08-1ab76e918bd04d5089f61593d37aac43.parquet"}
{"name": "monthly_part_parity", "time": 1790513249.9845252, "factor": 5, "month": "1887-09", "rows": 24395, "columns": 42, "exact": true, "path": "/home/ubuntu/aspool-labs/dg03-20260927/monthly-5x/parts/1887-09-0c6609b517834e64a2ba8babc5523379.parquet"}
{"name": "monthly_part_parity", "time": 1790513250.1969357, "factor": 5, "month": "1887-10", "rows": 22102, "columns": 42, "exact": true, "path": "/home/ubuntu/aspool-labs/dg03-20260927/monthly-5x/parts/1887-10-3f69dace20de4d56ad7447bb6daada91.parquet"}
{"name": "monthly_part_parity", "time": 1790513250.4326284, "factor": 5, "month": "1887-11", "rows": 27121, "columns": 42, "exact": true, "path": "/home/ubuntu/aspool-labs/dg03-20260927/monthly-5x/parts/1887-11-99aa55dbb1d9402293ec6e3fc9c634bc.parquet"}
{"name": "monthly_part_parity", "time": 1790513250.6649249, "factor": 5, "month": "1887-12", "rows": 24856, "columns": 42, "exact": true, "path": "/home/ubuntu/aspool-labs/dg03-20260927/monthly-5x/parts/1887-12-0e347e3158c24d969a522a85fd8e8624.parquet"}
{"name": "monthly_part_parity", "time": 1790513250.9119613, "factor": 5, "month": "1888-01", "rows": 27880, "columns": 42, "exact": true, "path": "/home/ubuntu/aspool-labs/dg03-20260927/monthly-5x/parts/1888-01-2e4b3323508d4df2b497b958fa0448ed.parquet"}
{"name": "monthly_part_parity", "time": 1790513251.101059, "factor": 5, "month": "1888-02", "rows": 20523, "columns": 42, "exact": true, "path": "/home/ubuntu/aspool-labs/dg03-20260927/monthly-5x/parts/1888-02-6afd308404b14c21a728aebc37915104.parquet"}
{"name": "monthly_part_parity", "time": 1790513251.3376753, "factor": 5, "month": "1888-03", "rows": 26900, "columns": 42, "exact": true, "path": "/home/ubuntu/aspool-labs/dg03-20260927/monthly-5x/parts/1888-03-9371c74fb3984eefa534b9fdbd2d9b31.parquet"}
{"name": "monthly_part_parity", "time": 1790513251.5720263, "factor": 5, "month": "1888-04", "rows": 26694, "columns": 42, "exact": true, "path": "/home/ubuntu/aspool-labs/dg03-20260927/monthly-5x/parts/1888-04-1c99527e0b4b48a2a689f698db6c15a3.parquet"}
{"name": "monthly_part_parity", "time": 1790513251.7887478, "factor": 5, "month": "1888-05", "rows": 25379, "columns": 42, "exact": true, "path": "/home/ubuntu/aspool-labs/dg03-20260927/monthly-5x/parts/1888-05-46d2249c36c2452686ccd703821b67ad.parquet"}
{"name": "monthly_part_parity", "time": 1790513252.0145693, "factor": 5, "month": "1888-06", "rows": 26137, "columns": 42, "exact": true, "path": "/home/ubuntu/aspool-labs/dg03-20260927/monthly-5x/parts/1888-06-2ff0c657d16044c7a23ccdb3d75f3657.parquet"}
{"name": "monthly_part_parity", "time": 1790513252.273839, "factor": 5, "month": "1888-07", "rows": 30947, "columns": 42, "exact": true, "path": "/home/ubuntu/aspool-labs/dg03-20260927/monthly-5x/parts/1888-07-f372623e5f8a445dbce9e686fd363a4f.parquet"}
{"name": "monthly_part_parity", "time": 1790513252.5226448, "factor": 5, "month": "1888-08", "rows": 28522, "columns": 42, "exact": true, "path": "/home/ubuntu/aspool-labs/dg03-20260927/monthly-5x/parts/1888-08-eea37217200049028679fabf944a7767.parquet"}
{"name": "monthly_part_parity", "time": 1790513252.7436512, "factor": 5, "month": "1888-09", "rows": 25987, "columns": 42, "exact": true, "path": "/home/ubuntu/aspool-labs/dg03-20260927/monthly-5x/parts/1888-09-0f39026e2b194064b67bd6bda8b70aea.parquet"}
{"name": "monthly_part_parity", "time": 1790513252.969923, "factor": 5, "month": "1888-10", "rows": 27356, "columns": 42, "exact": true, "path": "/home/ubuntu/aspool-labs/dg03-20260927/monthly-5x/parts/1888-10-2bb825597cc54cd2a45004e8fdb64026.parquet"}
{"name": "monthly_part_parity", "time": 1790513253.2054794, "factor": 5, "month": "1888-11", "rows": 27309, "columns": 42, "exact": true, "path": "/home/ubuntu/aspool-labs/dg03-20260927/monthly-5x/parts/1888-11-32832f0655e847c695e9865d382c963f.parquet"}
{"name": "monthly_part_parity", "time": 1790513253.4669113, "factor": 5, "month": "1888-12", "rows": 31466, "columns": 42, "exact": true, "path": "/home/ubuntu/aspool-labs/dg03-20260927/monthly-5x/parts/1888-12-bf08b6f6cd7a442db7bb40cd6f99113d.parquet"}
{"name": "monthly_part_parity", "time": 1790513253.6675766, "factor": 5, "month": "1889-01", "rows": 20733, "columns": 42, "exact": true, "path": "/home/ubuntu/aspool-labs/dg03-20260927/monthly-5x/parts/1889-01-1911324071a3410193fb2d933e04bc6d.parquet"}
{"name": "monthly_part_parity", "time": 1790513253.9019248, "factor": 5, "month": "1889-02", "rows": 27716, "columns": 42, "exact": true, "path": "/home/ubuntu/aspool-labs/dg03-20260927/monthly-5x/parts/1889-02-c3b4f36746054b2d969da5fe08ae5d18.parquet"}
{"name": "monthly_part_parity", "time": 1790513254.148106, "factor": 5, "month": "1889-03", "rows": 30436, "columns": 42, "exact": true, "path": "/home/ubuntu/aspool-labs/dg03-20260927/monthly-5x/parts/1889-03-f739466fb6e14200a626c5858bb36acb.parquet"}
{"name": "monthly_part_parity", "time": 1790513254.392576, "factor": 5, "month": "1889-04", "rows": 28501, "columns": 42, "exact": true, "path": "/home/ubuntu/aspool-labs/dg03-20260927/monthly-5x/parts/1889-04-9252f9d97742449aa70e73beef19b2c5.parquet"}
{"name": "monthly_part_parity", "time": 1790513254.5975015, "factor": 5, "month": "1889-05", "rows": 24260, "columns": 42, "exact": true, "path": "/home/ubuntu/aspool-labs/dg03-20260927/monthly-5x/parts/1889-05-04f0101bd0ca4944ac0fdbb7325fd79d.parquet"}
{"name": "monthly_part_parity", "time": 1790513254.833916, "factor": 5, "month": "1889-06", "rows": 30142, "columns": 42, "exact": true, "path": "/home/ubuntu/aspool-labs/dg03-20260927/monthly-5x/parts/1889-06-f13432f192cf431e9a6eb8aaca3733e5.parquet"}
{"name": "monthly_part_parity", "time": 1790513255.0927544, "factor": 5, "month": "1889-07", "rows": 31658, "columns": 42, "exact": true, "path": "/home/ubuntu/aspool-labs/dg03-20260927/monthly-5x/parts/1889-07-cac4403022ff4bed9ad1ebff834e62b0.parquet"}
{"name": "monthly_part_parity", "time": 1790513255.339717, "factor": 5, "month": "1889-08", "rows": 29042, "columns": 42, "exact": true, "path": "/home/ubuntu/aspool-labs/dg03-20260927/monthly-5x/parts/1889-08-5c0517dc231544ba90c6de83ea4a5826.parquet"}
{"name": "monthly_part_parity", "time": 1790513255.593649, "factor": 5, "month": "1889-09", "rows": 30705, "columns": 42, "exact": true, "path": "/home/ubuntu/aspool-labs/dg03-20260927/monthly-5x/parts/1889-09-01edfa0f5e2244b98d64ed61b01470a6.parquet"}
{"name": "monthly_part_parity", "time": 1790513255.8262146, "factor": 5, "month": "1889-10", "rows": 22630, "columns": 42, "exact": true, "path": "/home/ubuntu/aspool-labs/dg03-20260927/monthly-5x/parts/1889-10-468046f121c5455ea1da6c469af629f2.parquet"}
{"name": "monthly_part_parity", "time": 1790513256.0915308, "factor": 5, "month": "1889-11", "rows": 30208, "columns": 42, "exact": true, "path": "/home/ubuntu/aspool-labs/dg03-20260927/monthly-5x/parts/1889-11-a77961c6c7d0496b8f06d5c98b5be516.parquet"}
{"name": "monthly_part_parity", "time": 1790513256.3642924, "factor": 5, "month": "1889-12", "rows": 33375, "columns": 42, "exact": true, "path": "/home/ubuntu/aspool-labs/dg03-20260927/monthly-5x/parts/1889-12-9b46e1ae45b44a18a5cdabf1162260f1.parquet"}
{"name": "monthly_part_parity", "time": 1790513256.6257966, "factor": 5, "month": "1890-01", "rows": 29950, "columns": 42, "exact": true, "path": "/home/ubuntu/aspool-labs/dg03-20260927/monthly-5x/parts/1890-01-4cb812d2083b48f6b812c924431126e3.parquet"}
{"name": "monthly_part_parity", "time": 1790513256.851281, "factor": 5, "month": "1890-02", "rows": 22961, "columns": 42, "exact": true, "path": "/home/ubuntu/aspool-labs/dg03-20260927/monthly-5x/parts/1890-02-44dcdeb8988e4304955fec195eab05c9.parquet"}
{"name": "monthly_part_parity", "time": 1790513257.183121, "factor": 5, "month": "1890-03", "rows": 35682, "columns": 42, "exact": true, "path": "/home/ubuntu/aspool-labs/dg03-20260927/monthly-5x/parts/1890-03-2ec2c2f7d45f49d798194fdee5798662.parquet"}
{"name": "monthly_part_parity", "time": 1790513257.4683607, "factor": 5, "month": "1890-04", "rows": 32713, "columns": 42, "exact": true, "path": "/home/ubuntu/aspool-labs/dg03-20260927/monthly-5x/parts/1890-04-2b4cb74b487a41b88d2a6b2be5222854.parquet"}
{"name": "monthly_part_parity", "time": 1790513257.7396932, "factor": 5, "month": "1890-05", "rows": 31617, "columns": 42, "exact": true, "path": "/home/ubuntu/aspool-labs/dg03-20260927/monthly-5x/parts/1890-05-49944cafad2c43a484469fa2be6dfb38.parquet"}
{"name": "monthly_part_parity", "time": 1790513258.0056875, "factor": 5, "month": "1890-06", "rows": 30720, "columns": 42, "exact": true, "path": "/home/ubuntu/aspool-labs/dg03-20260927/monthly-5x/parts/1890-06-59bb39537e0644548f6a550143c7e7c0.parquet"}
{"name": "monthly_part_parity", "time": 1790513258.3361843, "factor": 5, "month": "1890-07", "rows": 36315, "columns": 42, "exact": true, "path": "/home/ubuntu/aspool-labs/dg03-20260927/monthly-5x/parts/1890-07-04f219995717479fbd46b98a05e1c83d.parquet"}
{"name": "monthly_part_parity", "time": 1790513258.6650038, "factor": 5, "month": "1890-08", "rows": 36587, "columns": 42, "exact": true, "path": "/home/ubuntu/aspool-labs/dg03-20260927/monthly-5x/parts/1890-08-b5cf337ae33d4914ac337a5c39a31b5d.parquet"}
{"name": "monthly_part_parity", "time": 1790513259.0230377, "factor": 5, "month": "1890-09", "rows": 32042, "columns": 42, "exact": true, "path": "/home/ubuntu/aspool-labs/dg03-20260927/monthly-5x/parts/1890-09-a084f54a42c94da897191406ff501bed.parquet"}
{"name": "monthly_part_parity", "time": 1790513259.3837988, "factor": 5, "month": "1890-10", "rows": 27602, "columns": 42, "exact": true, "path": "/home/ubuntu/aspool-labs/dg03-20260927/monthly-5x/parts/1890-10-e36bd0f920b74e46964f92c29f578ae8.parquet"}
{"name": "monthly_part_parity", "time": 1790513259.7189116, "factor": 5, "month": "1890-11", "rows": 38338, "columns": 42, "exact": true, "path": "/home/ubuntu/aspool-labs/dg03-20260927/monthly-5x/parts/1890-11-9f428218be554745a49bbcb2fcbf2d3f.parquet"}
{"name": "monthly_part_parity", "time": 1790513260.0643525, "factor": 5, "month": "1890-12", "rows": 40584, "columns": 42, "exact": true, "path": "/home/ubuntu/aspool-labs/dg03-20260927/monthly-5x/parts/1890-12-da73e92740b0486b9913b3ea559e6354.parquet"}
{"name": "monthly_part_parity", "time": 1790513260.359603, "factor": 5, "month": "1891-01", "rows": 36142, "columns": 42, "exact": true, "path": "/home/ubuntu/aspool-labs/dg03-20260927/monthly-5x/parts/1891-01-3ee46271860142efbde397520197f9e5.parquet"}
{"name": "monthly_part_parity", "time": 1790513260.6045616, "factor": 5, "month": "1891-02", "rows": 27563, "columns": 42, "exact": true, "path": "/home/ubuntu/aspool-labs/dg03-20260927/monthly-5x/parts/1891-02-118ab485b7c348deaf587467c7bd34b9.parquet"}
{"name": "monthly_part_parity", "time": 1790513260.9420018, "factor": 5, "month": "1891-03", "rows": 42754, "columns": 42, "exact": true, "path": "/home/ubuntu/aspool-labs/dg03-20260927/monthly-5x/parts/1891-03-d0c2e34338ea4d15aee0cbc3b72a358f.parquet"}
{"name": "monthly_part_parity", "time": 1790513261.244053, "factor": 5, "month": "1891-04", "rows": 35212, "columns": 42, "exact": true, "path": "/home/ubuntu/aspool-labs/dg03-20260927/monthly-5x/parts/1891-04-90ab8f13235f4d1dba4f111ef6eaac8d.parquet"}
{"name": "monthly_part_parity", "time": 1790513261.5700543, "factor": 5, "month": "1891-05", "rows": 39426, "columns": 42, "exact": true, "path": "/home/ubuntu/aspool-labs/dg03-20260927/monthly-5x/parts/1891-05-01b1b7533ba041f69027a534142cbfd7.parquet"}
{"name": "monthly_part_parity", "time": 1790513261.9055355, "factor": 5, "month": "1891-06", "rows": 40413, "columns": 42, "exact": true, "path": "/home/ubuntu/aspool-labs/dg03-20260927/monthly-5x/parts/1891-06-eaacec77edba42b0b5cdc4c02ae99851.parquet"}
{"name": "monthly_part_parity", "time": 1790513262.2239716, "factor": 5, "month": "1891-07", "rows": 41149, "columns": 42, "exact": true, "path": "/home/ubuntu/aspool-labs/dg03-20260927/monthly-5x/parts/1891-07-5faae29b272c479ba1b8ced250e310c6.parquet"}
{"name": "monthly_part_parity", "time": 1790513262.6045258, "factor": 5, "month": "1891-08", "rows": 45726, "columns": 42, "exact": true, "path": "/home/ubuntu/aspool-labs/dg03-20260927/monthly-5x/parts/1891-08-fada11065050452d9e49a8ed3cfa3569.parquet"}
{"name": "monthly_part_parity", "time": 1790513262.9671135, "factor": 5, "month": "1891-09", "rows": 42181, "columns": 42, "exact": true, "path": "/home/ubuntu/aspool-labs/dg03-20260927/monthly-5x/parts/1891-09-b179c37c1dcc48ee999a2ee018a2a6d8.parquet"}
{"name": "monthly_part_parity", "time": 1790513263.2369828, "factor": 5, "month": "1891-10", "rows": 32429, "columns": 42, "exact": true, "path": "/home/ubuntu/aspool-labs/dg03-20260927/monthly-5x/parts/1891-10-94b1fdbc4a61449e996d8875fc195306.parquet"}
{"name": "monthly_part_parity", "time": 1790513263.6009176, "factor": 5, "month": "1891-11", "rows": 44782, "columns": 42, "exact": true, "path": "/home/ubuntu/aspool-labs/dg03-20260927/monthly-5x/parts/1891-11-f4ba6b477b5346b697d2a89632a7d863.parquet"}
{"name": "monthly_part_parity", "time": 1790513263.9536896, "factor": 5, "month": "1891-12", "rows": 45172, "columns": 42, "exact": true, "path": "/home/ubuntu/aspool-labs/dg03-20260927/monthly-5x/parts/1891-12-aaa5ac06c5c94e78be78cbaed19c4521.parquet"}
{"name": "monthly_part_parity", "time": 1790513264.213431, "factor": 5, "month": "1892-01", "rows": 31090, "columns": 42, "exact": true, "path": "/home/ubuntu/aspool-labs/dg03-20260927/monthly-5x/parts/1892-01-67d4c184c21f47b58fbe41052603c595.parquet"}
{"name": "monthly_part_parity", "time": 1790513264.560297, "factor": 5, "month": "1892-02", "rows": 43710, "columns": 42, "exact": true, "path": "/home/ubuntu/aspool-labs/dg03-20260927/monthly-5x/parts/1892-02-6011710048fd4ad382731a65e7f9532c.parquet"}
{"name": "monthly_part_parity", "time": 1790513264.9367373, "factor": 5, "month": "1892-03", "rows": 46070, "columns": 42, "exact": true, "path": "/home/ubuntu/aspool-labs/dg03-20260927/monthly-5x/parts/1892-03-39716f0c1359467384131030122985ad.parquet"}
{"name": "monthly_part_parity", "time": 1790513265.247627, "factor": 5, "month": "1892-04", "rows": 35390, "columns": 42, "exact": true, "path": "/home/ubuntu/aspool-labs/dg03-20260927/monthly-5x/parts/1892-04-00af5cd14a5d448393e831b1f9580013.parquet"}
{"name": "monthly_part_parity", "time": 1790513265.6257877, "factor": 5, "month": "1892-05", "rows": 46391, "columns": 42, "exact": true, "path": "/home/ubuntu/aspool-labs/dg03-20260927/monthly-5x/parts/1892-05-22772e7e9485415687ea9efe8ca3af68.parquet"}
{"name": "monthly_part_parity", "time": 1790513265.9738648, "factor": 5, "month": "1892-06", "rows": 43133, "columns": 42, "exact": true, "path": "/home/ubuntu/aspool-labs/dg03-20260927/monthly-5x/parts/1892-06-15ae03f0d51e403bae0435b2390fc481.parquet"}
{"name": "monthly_part_parity", "time": 1790513266.3552296, "factor": 5, "month": "1892-07", "rows": 48407, "columns": 42, "exact": true, "path": "/home/ubuntu/aspool-labs/dg03-20260927/monthly-5x/parts/1892-07-c4a6e959e4c74b56a1081aa0aa09ea68.parquet"}
{"name": "monthly_part_parity", "time": 1790513266.764062, "factor": 5, "month": "1892-08", "rows": 50989, "columns": 42, "exact": true, "path": "/home/ubuntu/aspool-labs/dg03-20260927/monthly-5x/parts/1892-08-5749b51dc45e4d3e86370629dd72f454.parquet"}
{"name": "monthly_part_parity", "time": 1790513267.1275866, "factor": 5, "month": "1892-09", "rows": 44583, "columns": 42, "exact": true, "path": "/home/ubuntu/aspool-labs/dg03-20260927/monthly-5x/parts/1892-09-b255bdc1a69e4b7498e3bede78f3c289.parquet"}
{"name": "monthly_part_parity", "time": 1790513267.4684796, "factor": 5, "month": "1892-10", "rows": 40346, "columns": 42, "exact": true, "path": "/home/ubuntu/aspool-labs/dg03-20260927/monthly-5x/parts/1892-10-6a169b4f759a4716a80838a178e72d99.parquet"}
{"name": "monthly_part_parity", "time": 1790513267.846905, "factor": 5, "month": "1892-11", "rows": 49400, "columns": 42, "exact": true, "path": "/home/ubuntu/aspool-labs/dg03-20260927/monthly-5x/parts/1892-11-e9066441954443388f791db55de7dc9d.parquet"}
{"name": "monthly_part_parity", "time": 1790513268.2055762, "factor": 5, "month": "1892-12", "rows": 46810, "columns": 42, "exact": true, "path": "/home/ubuntu/aspool-labs/dg03-20260927/monthly-5x/parts/1892-12-df1f6c150e784b0e82a43f8af233d170.parquet"}
{"name": "monthly_part_parity", "time": 1790513268.5700207, "factor": 5, "month": "1893-01", "rows": 44547, "columns": 42, "exact": true, "path": "/home/ubuntu/aspool-labs/dg03-20260927/monthly-5x/parts/1893-01-0f42eae3e4e24ef180afe9168e6145c7.parquet"}
{"name": "monthly_part_parity", "time": 1790513268.8463519, "factor": 5, "month": "1893-02", "rows": 33593, "columns": 42, "exact": true, "path": "/home/ubuntu/aspool-labs/dg03-20260927/monthly-5x/parts/1893-02-daf7ebbcae5d48d594093dfa14b18711.parquet"}
{"name": "monthly_part_parity", "time": 1790513269.2051065, "factor": 5, "month": "1893-03", "rows": 46932, "columns": 42, "exact": true, "path": "/home/ubuntu/aspool-labs/dg03-20260927/monthly-5x/parts/1893-03-90fd65ba61c145cfa8f691ede6fed629.parquet"}
{"name": "monthly_part_parity", "time": 1790513269.5308568, "factor": 5, "month": "1893-04", "rows": 40172, "columns": 42, "exact": true, "path": "/home/ubuntu/aspool-labs/dg03-20260927/monthly-5x/parts/1893-04-3455bb8d1df74520b5dcde609d3a23d5.parquet"}
{"name": "monthly_part_parity", "time": 1790513269.9205146, "factor": 5, "month": "1893-05", "rows": 49084, "columns": 42, "exact": true, "path": "/home/ubuntu/aspool-labs/dg03-20260927/monthly-5x/parts/1893-05-f3d43cbf739742a984cc3d27cce2be31.parquet"}
{"name": "monthly_part_parity", "time": 1790513270.246218, "factor": 5, "month": "1893-06", "rows": 37741, "columns": 42, "exact": true, "path": "/home/ubuntu/aspool-labs/dg03-20260927/monthly-5x/parts/1893-06-abc11bc6ac424c02b0c9f3d3120eeee3.parquet"}
{"name": "monthly_part_parity", "time": 1790513270.6837406, "factor": 5, "month": "1893-07", "rows": 51003, "columns": 42, "exact": true, "path": "/home/ubuntu/aspool-labs/dg03-20260927/monthly-5x/parts/1893-07-fd8fa6286b824d44b4894432057e9247.parquet"}
{"name": "monthly_part_parity", "time": 1790513271.0666797, "factor": 5, "month": "1893-08", "rows": 48719, "columns": 42, "exact": true, "path": "/home/ubuntu/aspool-labs/dg03-20260927/monthly-5x/parts/1893-08-216e2523f6d04e92890479614fdd220d.parquet"}
{"name": "monthly_part_parity", "time": 1790513271.4257042, "factor": 5, "month": "1893-09", "rows": 42173, "columns": 42, "exact": true, "path": "/home/ubuntu/aspool-labs/dg03-20260927/monthly-5x/parts/1893-09-8fb4bd2f4f84430a8e34f060824d1820.parquet"}
{"name": "monthly_part_parity", "time": 1790513271.765412, "factor": 5, "month": "1893-10", "rows": 39999, "columns": 42, "exact": true, "path": "/home/ubuntu/aspool-labs/dg03-20260927/monthly-5x/parts/1893-10-5aca4f3bf27141938dc2070e33dfb4dd.parquet"}
{"name": "monthly_part_parity", "time": 1790513272.1543128, "factor": 5, "month": "1893-11", "rows": 46497, "columns": 42, "exact": true, "path": "/home/ubuntu/aspool-labs/dg03-20260927/monthly-5x/parts/1893-11-960434f7ab6841d7b769ee9567d09ccb.parquet"}
{"name": "monthly_part_parity", "time": 1790513272.545507, "factor": 5, "month": "1893-12", "rows": 48677, "columns": 42, "exact": true, "path": "/home/ubuntu/aspool-labs/dg03-20260927/monthly-5x/parts/1893-12-20edd0560c934526a0fb0f3482894a7b.parquet"}
{"name": "monthly_part_parity", "time": 1790513272.9067578, "factor": 5, "month": "1894-01", "rows": 46761, "columns": 42, "exact": true, "path": "/home/ubuntu/aspool-labs/dg03-20260927/monthly-5x/parts/1894-01-5268036b2dec41a8b7348a7af22212a9.parquet"}
{"name": "monthly_part_parity", "time": 1790513273.2121317, "factor": 5, "month": "1894-02", "rows": 35899, "columns": 42, "exact": true, "path": "/home/ubuntu/aspool-labs/dg03-20260927/monthly-5x/parts/1894-02-96cc33273e7f440c87e1d11bf23845cc.parquet"}
{"name": "monthly_part_parity", "time": 1790513273.573676, "factor": 5, "month": "1894-03", "rows": 46996, "columns": 42, "exact": true, "path": "/home/ubuntu/aspool-labs/dg03-20260927/monthly-5x/parts/1894-03-3ff98d7e65204a19b51bca9015327664.parquet"}
{"name": "monthly_part_parity", "time": 1790513273.9446862, "factor": 5, "month": "1894-04", "rows": 46171, "columns": 42, "exact": true, "path": "/home/ubuntu/aspool-labs/dg03-20260927/monthly-5x/parts/1894-04-d7ddaf309e2c4687a7f58d60a021ce69.parquet"}
{"name": "monthly_part_parity", "time": 1790513274.3080056, "factor": 5, "month": "1894-05", "rows": 43615, "columns": 42, "exact": true, "path": "/home/ubuntu/aspool-labs/dg03-20260927/monthly-5x/parts/1894-05-22a088523c8048cda74ef7cd8a9597e4.parquet"}
{"name": "monthly_part_parity", "time": 1790513274.6620994, "factor": 5, "month": "1894-06", "rows": 43489, "columns": 42, "exact": true, "path": "/home/ubuntu/aspool-labs/dg03-20260927/monthly-5x/parts/1894-06-17aa5e30c9c34728a77e02108f544abf.parquet"}
{"name": "monthly_part_parity", "time": 1790513275.0468028, "factor": 5, "month": "1894-07", "rows": 50110, "columns": 42, "exact": true, "path": "/home/ubuntu/aspool-labs/dg03-20260927/monthly-5x/parts/1894-07-32e6d7b490d54c0c9a1871a056ca3a5d.parquet"}
{"name": "monthly_part_parity", "time": 1790513275.4058702, "factor": 5, "month": "1894-08", "rows": 46161, "columns": 42, "exact": true, "path": "/home/ubuntu/aspool-labs/dg03-20260927/monthly-5x/parts/1894-08-0a2272edd98a4c029909c082a4e9ceed.parquet"}
{"name": "monthly_part_parity", "time": 1790513275.7989798, "factor": 5, "month": "1894-09", "rows": 46200, "columns": 42, "exact": true, "path": "/home/ubuntu/aspool-labs/dg03-20260927/monthly-5x/parts/1894-09-4d638c75bb794542a53bf52f2e2be90e.parquet"}
{"name": "monthly_part_parity", "time": 1790513276.1120608, "factor": 5, "month": "1894-10", "rows": 39788, "columns": 42, "exact": true, "path": "/home/ubuntu/aspool-labs/dg03-20260927/monthly-5x/parts/1894-10-270efe7d76f748ca911d8f6a532fd23f.parquet"}
{"name": "monthly_part_parity", "time": 1790513276.4699469, "factor": 5, "month": "1894-11", "rows": 44449, "columns": 42, "exact": true, "path": "/home/ubuntu/aspool-labs/dg03-20260927/monthly-5x/parts/1894-11-072bd4145c8d42f1839f6c8c91496e49.parquet"}
{"name": "monthly_part_parity", "time": 1790513276.8655763, "factor": 5, "month": "1894-12", "rows": 51101, "columns": 42, "exact": true, "path": "/home/ubuntu/aspool-labs/dg03-20260927/monthly-5x/parts/1894-12-283ddc7bdb734099a20ad77398635992.parquet"}
{"name": "monthly_part_parity", "time": 1790513277.2164023, "factor": 5, "month": "1895-01", "rows": 44871, "columns": 42, "exact": true, "path": "/home/ubuntu/aspool-labs/dg03-20260927/monthly-5x/parts/1895-01-c103a0e0ecb04005828aa5cb6d751f2d.parquet"}
{"name": "monthly_part_parity", "time": 1790513277.528003, "factor": 5, "month": "1895-02", "rows": 33999, "columns": 42, "exact": true, "path": "/home/ubuntu/aspool-labs/dg03-20260927/monthly-5x/parts/1895-02-e440264c86ac4241a88c04c1db00e14c.parquet"}
{"name": "monthly_part_parity", "time": 1790513277.9322376, "factor": 5, "month": "1895-03", "rows": 49725, "columns": 42, "exact": true, "path": "/home/ubuntu/aspool-labs/dg03-20260927/monthly-5x/parts/1895-03-ea990405026c4dfe98350867ce956139.parquet"}
{"name": "monthly_part_parity", "time": 1790513278.3031409, "factor": 5, "month": "1895-04", "rows": 47165, "columns": 42, "exact": true, "path": "/home/ubuntu/aspool-labs/dg03-20260927/monthly-5x/parts/1895-04-7f5386dbf4b7430db690f5d05e50c4ea.parquet"}
{"name": "monthly_part_parity", "time": 1790513278.6688573, "factor": 5, "month": "1895-05", "rows": 45099, "columns": 42, "exact": true, "path": "/home/ubuntu/aspool-labs/dg03-20260927/monthly-5x/parts/1895-05-c2ac4a21e96a4e88844b58d94f920dc0.parquet"}
{"name": "monthly_part_parity", "time": 1790513279.050886, "factor": 5, "month": "1895-06", "rows": 47017, "columns": 42, "exact": true, "path": "/home/ubuntu/aspool-labs/dg03-20260927/monthly-5x/parts/1895-06-1423a239e6404951afe8295ba08c41e4.parquet"}
{"name": "monthly_part_parity", "time": 1790513279.4416006, "factor": 5, "month": "1895-07", "rows": 46998, "columns": 42, "exact": true, "path": "/home/ubuntu/aspool-labs/dg03-20260927/monthly-5x/parts/1895-07-9dbf9ee5db3d4e559617b839e84f3e1b.parquet"}
{"name": "monthly_part_parity", "time": 1790513279.8268356, "factor": 5, "month": "1895-08", "rows": 46611, "columns": 42, "exact": true, "path": "/home/ubuntu/aspool-labs/dg03-20260927/monthly-5x/parts/1895-08-36fae161304f4253930541170d7c199d.parquet"}
{"name": "monthly_part_parity", "time": 1790513280.1924334, "factor": 5, "month": "1895-09", "rows": 45222, "columns": 42, "exact": true, "path": "/home/ubuntu/aspool-labs/dg03-20260927/monthly-5x/parts/1895-09-95e5a78f1280414c84d42efd56202aa9.parquet"}
{"name": "monthly_part_parity", "time": 1790513280.5833101, "factor": 5, "month": "1895-10", "rows": 38777, "columns": 42, "exact": true, "path": "/home/ubuntu/aspool-labs/dg03-20260927/monthly-5x/parts/1895-10-c964c723ef514e528e347cb0ddb9a163.parquet"}
{"name": "monthly_part_parity", "time": 1790513281.0135803, "factor": 5, "month": "1895-11", "rows": 49446, "columns": 42, "exact": true, "path": "/home/ubuntu/aspool-labs/dg03-20260927/monthly-5x/parts/1895-11-f16566bfcb014344b5491b7987818f77.parquet"}
{"name": "monthly_part_parity", "time": 1790513281.484298, "factor": 5, "month": "1895-12", "rows": 55814, "columns": 42, "exact": true, "path": "/home/ubuntu/aspool-labs/dg03-20260927/monthly-5x/parts/1895-12-15c3c31ccdd94e4282b5106aeb4e2fee.parquet"}
{"name": "monthly_part_parity", "time": 1790513281.88472, "factor": 5, "month": "1896-01", "rows": 49492, "columns": 42, "exact": true, "path": "/home/ubuntu/aspool-labs/dg03-20260927/monthly-5x/parts/1896-01-ce0d6ebaab85405c98e6caadc27298e5.parquet"}
{"name": "monthly_part_parity", "time": 1790513282.2361279, "factor": 5, "month": "1896-02", "rows": 39573, "columns": 42, "exact": true, "path": "/home/ubuntu/aspool-labs/dg03-20260927/monthly-5x/parts/1896-02-fb2c970198704228819a3860a5df6b08.parquet"}
{"name": "monthly_part_parity", "time": 1790513282.7045133, "factor": 5, "month": "1896-03", "rows": 56754, "columns": 42, "exact": true, "path": "/home/ubuntu/aspool-labs/dg03-20260927/monthly-5x/parts/1896-03-2b275674c07d4bc4a9dbbe8dc7896a10.parquet"}
{"name": "monthly_part_parity", "time": 1790513283.0902421, "factor": 5, "month": "1896-04", "rows": 48734, "columns": 42, "exact": true, "path": "/home/ubuntu/aspool-labs/dg03-20260927/monthly-5x/parts/1896-04-06f3d70350ba49ffa76f48610fbaf886.parquet"}
{"name": "monthly_part_parity", "time": 1790513283.4854348, "factor": 5, "month": "1896-05", "rows": 51700, "columns": 42, "exact": true, "path": "/home/ubuntu/aspool-labs/dg03-20260927/monthly-5x/parts/1896-05-27e06349c974437a85418ba5cf052267.parquet"}
{"name": "monthly_part_parity", "time": 1790513283.8850517, "factor": 5, "month": "1896-06", "rows": 49708, "columns": 42, "exact": true, "path": "/home/ubuntu/aspool-labs/dg03-20260927/monthly-5x/parts/1896-06-6d7729faf6e14c499ad377611539aed5.parquet"}
{"name": "monthly_part_parity", "time": 1790513284.3175092, "factor": 5, "month": "1896-07", "rows": 53122, "columns": 42, "exact": true, "path": "/home/ubuntu/aspool-labs/dg03-20260927/monthly-5x/parts/1896-07-8bbe86723d6e414aa1e2ec18dce548c4.parquet"}
{"name": "monthly_part_parity", "time": 1790513284.810343, "factor": 5, "month": "1896-08", "rows": 59500, "columns": 42, "exact": true, "path": "/home/ubuntu/aspool-labs/dg03-20260927/monthly-5x/parts/1896-08-7f7bd2c6adaa4580ac9f01ac1d347fde.parquet"}
{"name": "monthly_part_parity", "time": 1790513285.2263803, "factor": 5, "month": "1896-09", "rows": 52108, "columns": 42, "exact": true, "path": "/home/ubuntu/aspool-labs/dg03-20260927/monthly-5x/parts/1896-09-8b3520aa9d8d43e29452a846bb4c3045.parquet"}
{"name": "monthly_part_parity", "time": 1790513285.5830634, "factor": 5, "month": "1896-10", "rows": 42328, "columns": 42, "exact": true, "path": "/home/ubuntu/aspool-labs/dg03-20260927/monthly-5x/parts/1896-10-e09c2bba4a924ade91d4142d34243b83.parquet"}
{"name": "monthly_part_parity", "time": 1790513286.0845175, "factor": 5, "month": "1896-11", "rows": 58922, "columns": 42, "exact": true, "path": "/home/ubuntu/aspool-labs/dg03-20260927/monthly-5x/parts/1896-11-ab710bab65d8439fad0884538e24fa2b.parquet"}
{"name": "monthly_part_parity", "time": 1790513286.6144245, "factor": 5, "month": "1896-12", "rows": 59907, "columns": 42, "exact": true, "path": "/home/ubuntu/aspool-labs/dg03-20260927/monthly-5x/parts/1896-12-2f796d49666645488448997d3c7db693.parquet"}
{"name": "monthly_part_parity", "time": 1790513287.0308907, "factor": 5, "month": "1897-01", "rows": 50082, "columns": 42, "exact": true, "path": "/home/ubuntu/aspool-labs/dg03-20260927/monthly-5x/parts/1897-01-24d22d94b40645188defac664400c34c.parquet"}
{"name": "monthly_part_parity", "time": 1790513287.4245424, "factor": 5, "month": "1897-02", "rows": 50820, "columns": 42, "exact": true, "path": "/home/ubuntu/aspool-labs/dg03-20260927/monthly-5x/parts/1897-02-0c587f001bdb441bae0d98dc0d44e950.parquet"}
{"name": "monthly_part_parity", "time": 1790513287.9833553, "factor": 5, "month": "1897-03", "rows": 65622, "columns": 42, "exact": true, "path": "/home/ubuntu/aspool-labs/dg03-20260927/monthly-5x/parts/1897-03-1c7f751caac84e8c869c3936d1497936.parquet"}
{"name": "monthly_part_parity", "time": 1790513288.3861501, "factor": 5, "month": "1897-04", "rows": 51962, "columns": 42, "exact": true, "path": "/home/ubuntu/aspool-labs/dg03-20260927/monthly-5x/parts/1897-04-54c40e2d4804423e94ec5f75f9718436.parquet"}
{"name": "monthly_part_parity", "time": 1790513288.8989382, "factor": 5, "month": "1897-05", "rows": 58340, "columns": 42, "exact": true, "path": "/home/ubuntu/aspool-labs/dg03-20260927/monthly-5x/parts/1897-05-ac283dc3a77b4ba5a8568579a731c948.parquet"}
{"name": "monthly_part_parity", "time": 1790513289.420546, "factor": 5, "month": "1897-06", "rows": 64840, "columns": 42, "exact": true, "path": "/home/ubuntu/aspool-labs/dg03-20260927/monthly-5x/parts/1897-06-eb00e75a52c74de6837b6afe00bb6e10.parquet"}
{"name": "monthly_part_parity", "time": 1790513289.9267673, "factor": 5, "month": "1897-07", "rows": 62517, "columns": 42, "exact": true, "path": "/home/ubuntu/aspool-labs/dg03-20260927/monthly-5x/parts/1897-07-21879d07e3a04d3481a8ab83b4f51df8.parquet"}
{"name": "monthly_part_parity", "time": 1790513290.4967537, "factor": 5, "month": "1897-08", "rows": 69884, "columns": 42, "exact": true, "path": "/home/ubuntu/aspool-labs/dg03-20260927/monthly-5x/parts/1897-08-4fbf1bd252654b02ade500a33a2520f8.parquet"}
{"name": "monthly_part_parity", "time": 1790513291.0189989, "factor": 5, "month": "1897-09", "rows": 65021, "columns": 42, "exact": true, "path": "/home/ubuntu/aspool-labs/dg03-20260927/monthly-5x/parts/1897-09-6f21d907b51048fea24f57490cbc45bb.parquet"}
{"name": "monthly_part_parity", "time": 1790513291.437612, "factor": 5, "month": "1897-10", "rows": 53402, "columns": 42, "exact": true, "path": "/home/ubuntu/aspool-labs/dg03-20260927/monthly-5x/parts/1897-10-43227841878644e2a8200cd38e406698.parquet"}
{"name": "monthly_part_parity", "time": 1790513292.0147533, "factor": 5, "month": "1897-11", "rows": 69978, "columns": 42, "exact": true, "path": "/home/ubuntu/aspool-labs/dg03-20260927/monthly-5x/parts/1897-11-c21b112cf9ba414b9236373f6c33f993.parquet"}
{"name": "monthly_part_parity", "time": 1790513292.568353, "factor": 5, "month": "1897-12", "rows": 66863, "columns": 42, "exact": true, "path": "/home/ubuntu/aspool-labs/dg03-20260927/monthly-5x/parts/1897-12-308dcb072a4649d18a98714dab3bd8e4.parquet"}
{"name": "monthly_part_parity", "time": 1790513293.1481118, "factor": 5, "month": "1898-01", "rows": 70696, "columns": 42, "exact": true, "path": "/home/ubuntu/aspool-labs/dg03-20260927/monthly-5x/parts/1898-01-f5675dd5487f4c00a96d31c38209ba6a.parquet"}
{"name": "monthly_part_parity", "time": 1790513293.520444, "factor": 5, "month": "1898-02", "rows": 47447, "columns": 42, "exact": true, "path": "/home/ubuntu/aspool-labs/dg03-20260927/monthly-5x/parts/1898-02-8512aeac312944b58c85991411e3b0c8.parquet"}
{"name": "monthly_part_parity", "time": 1790513294.1120644, "factor": 5, "month": "1898-03", "rows": 70435, "columns": 42, "exact": true, "path": "/home/ubuntu/aspool-labs/dg03-20260927/monthly-5x/parts/1898-03-38b487fd4acc4607bd54537a03637923.parquet"}
{"name": "monthly_part_parity", "time": 1790513294.5563095, "factor": 5, "month": "1898-04", "rows": 57901, "columns": 42, "exact": true, "path": "/home/ubuntu/aspool-labs/dg03-20260927/monthly-5x/parts/1898-04-ae756ba0653a454696a77465effbadac.parquet"}
{"name": "monthly_part_parity", "time": 1790513295.135792, "factor": 5, "month": "1898-05", "rows": 71487, "columns": 42, "exact": true, "path": "/home/ubuntu/aspool-labs/dg03-20260927/monthly-5x/parts/1898-05-dc68386ca2f34730982d1e0d794bf7d5.parquet"}
{"name": "monthly_part_parity", "time": 1790513295.6793478, "factor": 5, "month": "1898-06", "rows": 65330, "columns": 42, "exact": true, "path": "/home/ubuntu/aspool-labs/dg03-20260927/monthly-5x/parts/1898-06-8915b439452747c3a8a90a43adc54732.parquet"}
{"name": "monthly_part_parity", "time": 1790513296.2813857, "factor": 5, "month": "1898-07", "rows": 73196, "columns": 42, "exact": true, "path": "/home/ubuntu/aspool-labs/dg03-20260927/monthly-5x/parts/1898-07-86c7a57e318e40068f0b3f5cb2912d43.parquet"}
{"name": "monthly_part_parity", "time": 1790513296.922396, "factor": 5, "month": "1898-08", "rows": 77563, "columns": 42, "exact": true, "path": "/home/ubuntu/aspool-labs/dg03-20260927/monthly-5x/parts/1898-08-2b6c3b9fb06b48d09a06a605aec03574.parquet"}
{"name": "monthly_part_parity", "time": 1790513297.4559274, "factor": 5, "month": "1898-09", "rows": 64603, "columns": 42, "exact": true, "path": "/home/ubuntu/aspool-labs/dg03-20260927/monthly-5x/parts/1898-09-2cc5502008574edfae501a5b532603c7.parquet"}
{"name": "monthly_part_parity", "time": 1790513297.975219, "factor": 5, "month": "1898-10", "rows": 61716, "columns": 42, "exact": true, "path": "/home/ubuntu/aspool-labs/dg03-20260927/monthly-5x/parts/1898-10-bc20b8579d16481ca4fb892165360600.parquet"}
{"name": "monthly_part_parity", "time": 1790513298.5920427, "factor": 5, "month": "1898-11", "rows": 76048, "columns": 42, "exact": true, "path": "/home/ubuntu/aspool-labs/dg03-20260927/monthly-5x/parts/1898-11-50f965fbe42044e6bb85877f5f27c961.parquet"}
{"name": "monthly_part_parity", "time": 1790513299.182751, "factor": 5, "month": "1898-12", "rows": 69760, "columns": 42, "exact": true, "path": "/home/ubuntu/aspool-labs/dg03-20260927/monthly-5x/parts/1898-12-c8647d24cc1a4fa7959cde0dba99763e.parquet"}
{"name": "monthly_part_parity", "time": 1790513299.8141873, "factor": 5, "month": "1899-01", "rows": 77160, "columns": 42, "exact": true, "path": "/home/ubuntu/aspool-labs/dg03-20260927/monthly-5x/parts/1899-01-b9160b44e18d4fbc917e01acb8a91f99.parquet"}
{"name": "monthly_part_parity", "time": 1790513300.2208924, "factor": 5, "month": "1899-02", "rows": 52840, "columns": 42, "exact": true, "path": "/home/ubuntu/aspool-labs/dg03-20260927/monthly-5x/parts/1899-02-3cdc4e5bbc9841d49f5bd9d59d632ae6.parquet"}
{"name": "monthly_part_parity", "time": 1790513300.8180482, "factor": 5, "month": "1899-03", "rows": 74051, "columns": 42, "exact": true, "path": "/home/ubuntu/aspool-labs/dg03-20260927/monthly-5x/parts/1899-03-d5b27997cf244de4a13401f514c4117e.parquet"}
{"name": "monthly_part_parity", "time": 1790513301.429988, "factor": 5, "month": "1899-04", "rows": 74275, "columns": 42, "exact": true, "path": "/home/ubuntu/aspool-labs/dg03-20260927/monthly-5x/parts/1899-04-0ff14f6fca3e4373a93a35c7c3ca76d8.parquet"}
{"name": "monthly_part_parity", "time": 1790513302.0279214, "factor": 5, "month": "1899-05", "rows": 71147, "columns": 42, "exact": true, "path": "/home/ubuntu/aspool-labs/dg03-20260927/monthly-5x/parts/1899-05-073a9ba541aa462788da30587a008a12.parquet"}
{"name": "monthly_part_parity", "time": 1790513302.591332, "factor": 5, "month": "1899-06", "rows": 67790, "columns": 42, "exact": true, "path": "/home/ubuntu/aspool-labs/dg03-20260927/monthly-5x/parts/1899-06-65dea2e10d4d4689bfa757877741016a.parquet"}
{"name": "monthly_part_parity", "time": 1790513303.2723463, "factor": 5, "month": "1899-07", "rows": 82841, "columns": 42, "exact": true, "path": "/home/ubuntu/aspool-labs/dg03-20260927/monthly-5x/parts/1899-07-9226c3b3b99043b4bf9db34db3dcdcd2.parquet"}
{"name": "monthly_part_parity", "time": 1790513303.9379354, "factor": 5, "month": "1899-08", "rows": 80047, "columns": 42, "exact": true, "path": "/home/ubuntu/aspool-labs/dg03-20260927/monthly-5x/parts/1899-08-7a032b395fa74078be87626b8660550c.parquet"}
{"name": "monthly_part_parity", "time": 1790513304.542324, "factor": 5, "month": "1899-09", "rows": 73104, "columns": 42, "exact": true, "path": "/home/ubuntu/aspool-labs/dg03-20260927/monthly-5x/parts/1899-09-87a9ade35bc54f77be12bada24c0ff59.parquet"}
{"name": "monthly_part_parity", "time": 1790513305.1166782, "factor": 5, "month": "1899-10", "rows": 66061, "columns": 42, "exact": true, "path": "/home/ubuntu/aspool-labs/dg03-20260927/monthly-5x/parts/1899-10-e6bdfddabe3440828bbaa2946ce2171f.parquet"}
{"name": "monthly_part_parity", "time": 1790513305.788778, "factor": 5, "month": "1899-11", "rows": 77906, "columns": 42, "exact": true, "path": "/home/ubuntu/aspool-labs/dg03-20260927/monthly-5x/parts/1899-11-62ddef42775d4f3a93dfb6fd66dae0ad.parquet"}
{"name": "monthly_part_parity", "time": 1790513306.483273, "factor": 5, "month": "1899-12", "rows": 82381, "columns": 42, "exact": true, "path": "/home/ubuntu/aspool-labs/dg03-20260927/monthly-5x/parts/1899-12-eeb324b7903b4f81a88ac4430b94922a.parquet"}
{"name": "monthly_part_parity", "time": 1790513307.0011828, "factor": 5, "month": "1900-01", "rows": 60431, "columns": 42, "exact": true, "path": "/home/ubuntu/aspool-labs/dg03-20260927/monthly-5x/parts/1900-01-94871bfc32e74dbc9ce64b8f7952cf01.parquet"}
{"name": "monthly_part_parity", "time": 1790513307.6728022, "factor": 5, "month": "1900-02", "rows": 76344, "columns": 42, "exact": true, "path": "/home/ubuntu/aspool-labs/dg03-20260927/monthly-5x/parts/1900-02-bab9b0f21e914f868a8eae8e79f65120.parquet"}
{"name": "monthly_part_parity", "time": 1790513308.360398, "factor": 5, "month": "1900-03", "rows": 84443, "columns": 42, "exact": true, "path": "/home/ubuntu/aspool-labs/dg03-20260927/monthly-5x/parts/1900-03-47f5b3e4c3cd47adbf499339190f8a38.parquet"}
{"name": "monthly_part_parity", "time": 1790513309.0463655, "factor": 5, "month": "1900-04", "rows": 81102, "columns": 42, "exact": true, "path": "/home/ubuntu/aspool-labs/dg03-20260927/monthly-5x/parts/1900-04-51bc41f3c6544ac09d11527f56f89ad9.parquet"}
{"name": "monthly_part_parity", "time": 1790513309.6495159, "factor": 5, "month": "1900-05", "rows": 70012, "columns": 42, "exact": true, "path": "/home/ubuntu/aspool-labs/dg03-20260927/monthly-5x/parts/1900-05-72e167e8b8b64501bb3f4b39c57f716a.parquet"}
{"name": "monthly_part_parity", "time": 1790513310.3166487, "factor": 5, "month": "1900-06", "rows": 78329, "columns": 42, "exact": true, "path": "/home/ubuntu/aspool-labs/dg03-20260927/monthly-5x/parts/1900-06-3a3220eb72f94a55b9d67053fc4ba4f2.parquet"}
{"name": "monthly_part_parity", "time": 1790513311.0627594, "factor": 5, "month": "1900-07", "rows": 91176, "columns": 42, "exact": true, "path": "/home/ubuntu/aspool-labs/dg03-20260927/monthly-5x/parts/1900-07-165f45b1c5f9466da2ac61063b4dbc09.parquet"}
{"name": "monthly_part_parity", "time": 1790513311.7622085, "factor": 5, "month": "1900-08", "rows": 84975, "columns": 42, "exact": true, "path": "/home/ubuntu/aspool-labs/dg03-20260927/monthly-5x/parts/1900-08-624afdf59e5343168e00c8669543033d.parquet"}
{"name": "monthly_part_parity", "time": 1790513312.512989, "factor": 5, "month": "1900-09", "rows": 90538, "columns": 42, "exact": true, "path": "/home/ubuntu/aspool-labs/dg03-20260927/monthly-5x/parts/1900-09-1758bdebfb8c487e954bdea92a8e3684.parquet"}
{"name": "monthly_part_parity", "time": 1790513313.0795374, "factor": 5, "month": "1900-10", "rows": 66763, "columns": 42, "exact": true, "path": "/home/ubuntu/aspool-labs/dg03-20260927/monthly-5x/parts/1900-10-769a906e7a9e41db98f9fe5a59a07bb2.parquet"}
{"name": "monthly_part_parity", "time": 1790513313.7970064, "factor": 5, "month": "1900-11", "rows": 88393, "columns": 42, "exact": true, "path": "/home/ubuntu/aspool-labs/dg03-20260927/monthly-5x/parts/1900-11-b89c406052b74f08a597db8f95b21aeb.parquet"}
{"name": "monthly_part_parity", "time": 1790513314.5968232, "factor": 5, "month": "1900-12", "rows": 97797, "columns": 42, "exact": true, "path": "/home/ubuntu/aspool-labs/dg03-20260927/monthly-5x/parts/1900-12-7c72444f5d4c47cc930b2330556876d7.parquet"}
{"name": "monthly_part_parity", "time": 1790513315.302249, "factor": 5, "month": "1901-01", "rows": 86227, "columns": 42, "exact": true, "path": "/home/ubuntu/aspool-labs/dg03-20260927/monthly-5x/parts/1901-01-a2284a98487044ee9d26e82082f8fab0.parquet"}
{"name": "monthly_part_parity", "time": 1790513315.8501434, "factor": 5, "month": "1901-02", "rows": 65451, "columns": 42, "exact": true, "path": "/home/ubuntu/aspool-labs/dg03-20260927/monthly-5x/parts/1901-02-642044a33b8d4a8ea03778a94896f7e8.parquet"}
{"name": "monthly_part_parity", "time": 1790513316.6616154, "factor": 5, "month": "1901-03", "rows": 101859, "columns": 42, "exact": true, "path": "/home/ubuntu/aspool-labs/dg03-20260927/monthly-5x/parts/1901-03-fe81ee9e046b4ad48a258a0d169d82f8.parquet"}
{"name": "monthly_part_parity", "time": 1790513317.407427, "factor": 5, "month": "1901-04", "rows": 94502, "columns": 42, "exact": true, "path": "/home/ubuntu/aspool-labs/dg03-20260927/monthly-5x/parts/1901-04-7e9a21e318374583836cb0298dc7890d.parquet"}
{"name": "monthly_part_parity", "time": 1790513318.1065497, "factor": 5, "month": "1901-05", "rows": 82119, "columns": 42, "exact": true, "path": "/home/ubuntu/aspool-labs/dg03-20260927/monthly-5x/parts/1901-05-f2b4233572074bdea8cd30d38f3d2e2f.parquet"}
{"name": "monthly_part_parity", "time": 1790513318.9280913, "factor": 5, "month": "1901-06", "rows": 97173, "columns": 42, "exact": true, "path": "/home/ubuntu/aspool-labs/dg03-20260927/monthly-5x/parts/1901-06-831fcb50761446a38db62da4710ccaaf.parquet"}
{"name": "monthly_part_parity", "time": 1790513319.7997255, "factor": 5, "month": "1901-07", "rows": 103782, "columns": 42, "exact": true, "path": "/home/ubuntu/aspool-labs/dg03-20260927/monthly-5x/parts/1901-07-142103d6400149b282c77b881e738ed3.parquet"}
{"name": "monthly_part_parity", "time": 1790513320.680066, "factor": 5, "month": "1901-08", "rows": 105590, "columns": 42, "exact": true, "path": "/home/ubuntu/aspool-labs/dg03-20260927/monthly-5x/parts/1901-08-bd940030d5224073a1578e5b5232d07f.parquet"}
{"name": "monthly_part_parity", "time": 1790513321.6128435, "factor": 5, "month": "1901-09", "rows": 97177, "columns": 42, "exact": true, "path": "/home/ubuntu/aspool-labs/dg03-20260927/monthly-5x/parts/1901-09-59130c78637b4d03a65d9a6563235189.parquet"}
{"name": "monthly_part_parity", "time": 1790513322.4490578, "factor": 5, "month": "1901-10", "rows": 78558, "columns": 42, "exact": true, "path": "/home/ubuntu/aspool-labs/dg03-20260927/monthly-5x/parts/1901-10-87f8299525444ee4a6fd8073b2382b28.parquet"}
{"name": "monthly_part_parity", "time": 1790513323.6040964, "factor": 5, "month": "1901-11", "rows": 109336, "columns": 42, "exact": true, "path": "/home/ubuntu/aspool-labs/dg03-20260927/monthly-5x/parts/1901-11-1ddb4c7fc19f4b3e9134d0af2910279a.parquet"}
{"name": "monthly_part_parity", "time": 1790513324.8218231, "factor": 5, "month": "1901-12", "rows": 115759, "columns": 42, "exact": true, "path": "/home/ubuntu/aspool-labs/dg03-20260927/monthly-5x/parts/1901-12-f32e8384bfd0424dafc4db8de09112f0.parquet"}
{"name": "monthly_part_parity", "time": 1790513325.8288412, "factor": 5, "month": "1902-01", "rows": 96806, "columns": 42, "exact": true, "path": "/home/ubuntu/aspool-labs/dg03-20260927/monthly-5x/parts/1902-01-4ca44ac6e57447038e4fa72988cc3730.parquet"}
{"name": "monthly_part_parity", "time": 1790513326.6960502, "factor": 5, "month": "1902-02", "rows": 82240, "columns": 42, "exact": true, "path": "/home/ubuntu/aspool-labs/dg03-20260927/monthly-5x/parts/1902-02-b8604402e1c44bfb970a047f5b2cda8e.parquet"}
{"name": "monthly_part_parity", "time": 1790513327.956082, "factor": 5, "month": "1902-03", "rows": 119063, "columns": 42, "exact": true, "path": "/home/ubuntu/aspool-labs/dg03-20260927/monthly-5x/parts/1902-03-ec3faba4ea4347a7b157d874c9a40b78.parquet"}
{"name": "monthly_part_parity", "time": 1790513329.0046017, "factor": 5, "month": "1902-04", "rows": 99100, "columns": 42, "exact": true, "path": "/home/ubuntu/aspool-labs/dg03-20260927/monthly-5x/parts/1902-04-7c9667b932504a4aae4ea8a6a953b48d.parquet"}
{"name": "monthly_part_parity", "time": 1790513330.0469415, "factor": 5, "month": "1902-05", "rows": 99715, "columns": 42, "exact": true, "path": "/home/ubuntu/aspool-labs/dg03-20260927/monthly-5x/parts/1902-05-4f599ba7c7f54616895bf04aeb7221b5.parquet"}
{"name": "monthly_part_parity", "time": 1790513331.2247164, "factor": 5, "month": "1902-06", "rows": 110994, "columns": 42, "exact": true, "path": "/home/ubuntu/aspool-labs/dg03-20260927/monthly-5x/parts/1902-06-e9efdbad0f774b7b92e4ada5505a8616.parquet"}
{"name": "monthly_part_parity", "time": 1790513332.3926144, "factor": 5, "month": "1902-07", "rows": 111961, "columns": 42, "exact": true, "path": "/home/ubuntu/aspool-labs/dg03-20260927/monthly-5x/parts/1902-07-6194c1bfa1bd41a48f2d0c5b02caa962.parquet"}
{"name": "monthly_part_parity", "time": 1790513333.6711159, "factor": 5, "month": "1902-08", "rows": 124049, "columns": 42, "exact": true, "path": "/home/ubuntu/aspool-labs/dg03-20260927/monthly-5x/parts/1902-08-f16a22cc1e634576a3a3082df1db954f.parquet"}
{"name": "monthly_part_parity", "time": 1790513334.8606985, "factor": 5, "month": "1902-09", "rows": 114466, "columns": 42, "exact": true, "path": "/home/ubuntu/aspool-labs/dg03-20260927/monthly-5x/parts/1902-09-ef1c3f3aa8ad4187a1c85b39a6681eef.parquet"}
{"name": "monthly_part_parity", "time": 1790513335.8140657, "factor": 5, "month": "1902-10", "rows": 87940, "columns": 42, "exact": true, "path": "/home/ubuntu/aspool-labs/dg03-20260927/monthly-5x/parts/1902-10-d97250dcd90e4dbea5f0f26020ec4de6.parquet"}
{"name": "monthly_part_parity", "time": 1790513337.1280308, "factor": 5, "month": "1902-11", "rows": 121917, "columns": 42, "exact": true, "path": "/home/ubuntu/aspool-labs/dg03-20260927/monthly-5x/parts/1902-11-517550a93af446a5ae5cacd409dea5a1.parquet"}
{"name": "monthly_part_parity", "time": 1790513338.4259644, "factor": 5, "month": "1902-12", "rows": 123104, "columns": 42, "exact": true, "path": "/home/ubuntu/aspool-labs/dg03-20260927/monthly-5x/parts/1902-12-7d785008f5d54374a0678b7f67d3041a.parquet"}
{"name": "monthly_part_parity", "time": 1790513339.3967876, "factor": 5, "month": "1903-01", "rows": 90271, "columns": 42, "exact": true, "path": "/home/ubuntu/aspool-labs/dg03-20260927/monthly-5x/parts/1903-01-33cfd2aa9e624ffcb5a7e426e325c034.parquet"}
{"name": "monthly_part_parity", "time": 1790513340.5826774, "factor": 5, "month": "1903-02", "rows": 113371, "columns": 42, "exact": true, "path": "/home/ubuntu/aspool-labs/dg03-20260927/monthly-5x/parts/1903-02-31d85370a7164c33b483cdedda8683c0.parquet"}
{"name": "monthly_part_parity", "time": 1790513341.9835038, "factor": 5, "month": "1903-03", "rows": 131354, "columns": 42, "exact": true, "path": "/home/ubuntu/aspool-labs/dg03-20260927/monthly-5x/parts/1903-03-c44b291e77df4c24848bb87c0ac24ab7.parquet"}
{"name": "monthly_part_parity", "time": 1790513343.1486783, "factor": 5, "month": "1903-04", "rows": 109399, "columns": 42, "exact": true, "path": "/home/ubuntu/aspool-labs/dg03-20260927/monthly-5x/parts/1903-04-b2be4cd796874f50b5fc71421194718b.parquet"}
{"name": "monthly_part_parity", "time": 1790513344.374346, "factor": 5, "month": "1903-05", "rows": 115911, "columns": 42, "exact": true, "path": "/home/ubuntu/aspool-labs/dg03-20260927/monthly-5x/parts/1903-05-e2b92eb7c36d44d49af755d048553dad.parquet"}
{"name": "monthly_part_parity", "time": 1790513345.6101365, "factor": 5, "month": "1903-06", "rows": 116734, "columns": 42, "exact": true, "path": "/home/ubuntu/aspool-labs/dg03-20260927/monthly-5x/parts/1903-06-874f9f6131fa4f20bcea903a5465d942.parquet"}
{"name": "monthly_part_parity", "time": 1790513346.9562845, "factor": 5, "month": "1903-07", "rows": 123772, "columns": 42, "exact": true, "path": "/home/ubuntu/aspool-labs/dg03-20260927/monthly-5x/parts/1903-07-411fcc470eb54d47ae2d2332d080b83e.parquet"}
{"name": "monthly_part_parity", "time": 1790513348.4064991, "factor": 5, "month": "1903-08", "rows": 136699, "columns": 42, "exact": true, "path": "/home/ubuntu/aspool-labs/dg03-20260927/monthly-5x/parts/1903-08-1aec53ba47d6407d84e80985bbef6ad3.parquet"}
{"name": "monthly_part_parity", "time": 1790513349.6517098, "factor": 5, "month": "1903-09", "rows": 119718, "columns": 42, "exact": true, "path": "/home/ubuntu/aspool-labs/dg03-20260927/monthly-5x/parts/1903-09-3fb2df11d05d40e9b808d3629ff72c83.parquet"}
{"name": "monthly_part_parity", "time": 1790513350.7619574, "factor": 5, "month": "1903-10", "rows": 102331, "columns": 42, "exact": true, "path": "/home/ubuntu/aspool-labs/dg03-20260927/monthly-5x/parts/1903-10-effa2c8128314f83b7c3d3380e648f05.parquet"}
{"name": "monthly_part_parity", "time": 1790513352.2394793, "factor": 5, "month": "1903-11", "rows": 133070, "columns": 42, "exact": true, "path": "/home/ubuntu/aspool-labs/dg03-20260927/monthly-5x/parts/1903-11-fd8433b4953a494794e39da0b7330b43.parquet"}
{"name": "monthly_part_parity", "time": 1790513353.585342, "factor": 5, "month": "1903-12", "rows": 127777, "columns": 42, "exact": true, "path": "/home/ubuntu/aspool-labs/dg03-20260927/monthly-5x/parts/1903-12-bad1faf2a66b490faa40e560f60a3eff.parquet"}
{"name": "monthly_part_parity", "time": 1790513355.0365605, "factor": 5, "month": "1904-01", "rows": 134630, "columns": 42, "exact": true, "path": "/home/ubuntu/aspool-labs/dg03-20260927/monthly-5x/parts/1904-01-078c851b10ea4e77a173be88bad2478e.parquet"}
{"name": "monthly_part_parity", "time": 1790513356.0190213, "factor": 5, "month": "1904-02", "rows": 92110, "columns": 42, "exact": true, "path": "/home/ubuntu/aspool-labs/dg03-20260927/monthly-5x/parts/1904-02-82d92670cb784753b8cbb69191cdfc73.parquet"}
{"name": "monthly_part_parity", "time": 1790513357.3711402, "factor": 5, "month": "1904-03", "rows": 129292, "columns": 42, "exact": true, "path": "/home/ubuntu/aspool-labs/dg03-20260927/monthly-5x/parts/1904-03-96e13e7639334ad28102daa6dd61e6d2.parquet"}
{"name": "monthly_part_parity", "time": 1790513358.665024, "factor": 5, "month": "1904-04", "rows": 123598, "columns": 42, "exact": true, "path": "/home/ubuntu/aspool-labs/dg03-20260927/monthly-5x/parts/1904-04-3e31cb611e9642e8b060b4f5c50a9d5e.parquet"}
{"name": "monthly_part_parity", "time": 1790513359.9520988, "factor": 5, "month": "1904-05", "rows": 124105, "columns": 42, "exact": true, "path": "/home/ubuntu/aspool-labs/dg03-20260927/monthly-5x/parts/1904-05-b8d4253ea1d54067b7601bbd302ca333.parquet"}
{"name": "monthly_part_parity", "time": 1790513361.18124, "factor": 5, "month": "1904-06", "rows": 118268, "columns": 42, "exact": true, "path": "/home/ubuntu/aspool-labs/dg03-20260927/monthly-5x/parts/1904-06-886ae78de7c049cba519f2bb1218b704.parquet"}
{"name": "monthly_part_parity", "time": 1790513362.6612873, "factor": 5, "month": "1904-07", "rows": 143582, "columns": 42, "exact": true, "path": "/home/ubuntu/aspool-labs/dg03-20260927/monthly-5x/parts/1904-07-3e8607c67be44776ad5d7d46b890a5aa.parquet"}
{"name": "monthly_part_parity", "time": 1790513364.0866594, "factor": 5, "month": "1904-08", "rows": 137687, "columns": 42, "exact": true, "path": "/home/ubuntu/aspool-labs/dg03-20260927/monthly-5x/parts/1904-08-1dbffb254d2e46d1a7fa1fd4335049e3.parquet"}
{"name": "monthly_part_parity", "time": 1790513365.3621292, "factor": 5, "month": "1904-09", "rows": 119223, "columns": 42, "exact": true, "path": "/home/ubuntu/aspool-labs/dg03-20260927/monthly-5x/parts/1904-09-64a7dabf9fe54de8973de1f57b71b628.parquet"}
{"name": "monthly_part_parity", "time": 1790513366.5513375, "factor": 5, "month": "1904-10", "rows": 113273, "columns": 42, "exact": true, "path": "/home/ubuntu/aspool-labs/dg03-20260927/monthly-5x/parts/1904-10-55a5147b0d3346bf8f1f266c76277169.parquet"}
{"name": "monthly_part_parity", "time": 1790513367.9078898, "factor": 5, "month": "1904-11", "rows": 132575, "columns": 42, "exact": true, "path": "/home/ubuntu/aspool-labs/dg03-20260927/monthly-5x/parts/1904-11-281d61552925472f9d8b3ab78ac2d3dc.parquet"}
{"name": "monthly_part_parity", "time": 1790513369.3503451, "factor": 5, "month": "1904-12", "rows": 139518, "columns": 42, "exact": true, "path": "/home/ubuntu/aspool-labs/dg03-20260927/monthly-5x/parts/1904-12-d821f9c730694265b80ad7d997a4fb7d.parquet"}
{"name": "monthly_part_parity", "time": 1790513370.5428681, "factor": 5, "month": "1905-01", "rows": 114741, "columns": 42, "exact": true, "path": "/home/ubuntu/aspool-labs/dg03-20260927/monthly-5x/parts/1905-01-b5be48ccb8c84c569677d0f20494a739.parquet"}
{"name": "monthly_part_parity", "time": 1790513371.7495365, "factor": 5, "month": "1905-02", "rows": 115500, "columns": 42, "exact": true, "path": "/home/ubuntu/aspool-labs/dg03-20260927/monthly-5x/parts/1905-02-355749a33fb54edc96a61bb1282fbd9d.parquet"}
{"name": "monthly_part_parity", "time": 1790513373.1530154, "factor": 5, "month": "1905-03", "rows": 135290, "columns": 42, "exact": true, "path": "/home/ubuntu/aspool-labs/dg03-20260927/monthly-5x/parts/1905-03-db175885bacb49589727ba6f5a83e273.parquet"}
{"name": "monthly_part_parity", "time": 1790513374.5945113, "factor": 5, "month": "1905-04", "rows": 136154, "columns": 42, "exact": true, "path": "/home/ubuntu/aspool-labs/dg03-20260927/monthly-5x/parts/1905-04-83068ae8dd8842fb8db2d2b9ef508066.parquet"}
{"name": "monthly_part_parity", "time": 1790513375.8526533, "factor": 5, "month": "1905-05", "rows": 123948, "columns": 42, "exact": true, "path": "/home/ubuntu/aspool-labs/dg03-20260927/monthly-5x/parts/1905-05-e6e20c8dc44c48eeb30cc5ebf6363823.parquet"}
{"name": "monthly_part_parity", "time": 1790513377.203627, "factor": 5, "month": "1905-06", "rows": 131212, "columns": 42, "exact": true, "path": "/home/ubuntu/aspool-labs/dg03-20260927/monthly-5x/parts/1905-06-74c75dd03d254437b329403e40c72476.parquet"}
{"name": "monthly_part_parity", "time": 1790513378.7662606, "factor": 5, "month": "1905-07", "rows": 151810, "columns": 42, "exact": true, "path": "/home/ubuntu/aspool-labs/dg03-20260927/monthly-5x/parts/1905-07-c70def239c404591abd1efc4b93bf157.parquet"}
{"name": "monthly_part_parity", "time": 1790513380.1998138, "factor": 5, "month": "1905-08", "rows": 139589, "columns": 42, "exact": true, "path": "/home/ubuntu/aspool-labs/dg03-20260927/monthly-5x/parts/1905-08-599d8a98acfa4851ba2631f0e9ac9435.parquet"}
{"name": "monthly_part_parity", "time": 1790513381.7163804, "factor": 5, "month": "1905-09", "rows": 147203, "columns": 42, "exact": true, "path": "/home/ubuntu/aspool-labs/dg03-20260927/monthly-5x/parts/1905-09-12203999dcab4c00844ab229639f27d6.parquet"}
{"name": "monthly_part_parity", "time": 1790513382.9105153, "factor": 5, "month": "1905-10", "rows": 114530, "columns": 42, "exact": true, "path": "/home/ubuntu/aspool-labs/dg03-20260927/monthly-5x/parts/1905-10-a11eb5c8eb534fcda45595f0ca11963b.parquet"}
{"name": "monthly_part_parity", "time": 1790513384.3010154, "factor": 5, "month": "1905-11", "rows": 135451, "columns": 42, "exact": true, "path": "/home/ubuntu/aspool-labs/dg03-20260927/monthly-5x/parts/1905-11-cb12e58a061948a9b59ec210bb2f475e.parquet"}
{"name": "monthly_part_parity", "time": 1790513385.8769267, "factor": 5, "month": "1905-12", "rows": 156480, "columns": 42, "exact": true, "path": "/home/ubuntu/aspool-labs/dg03-20260927/monthly-5x/parts/1905-12-1c5e9bc805df4933b095531cad012004.parquet"}
{"name": "monthly_part_parity", "time": 1790513387.2922897, "factor": 5, "month": "1906-01", "rows": 136990, "columns": 42, "exact": true, "path": "/home/ubuntu/aspool-labs/dg03-20260927/monthly-5x/parts/1906-01-af0c3ae0589042eaa124a49e70b17a59.parquet"}
{"name": "monthly_part_parity", "time": 1790513388.2859092, "factor": 5, "month": "1906-02", "rows": 96462, "columns": 42, "exact": true, "path": "/home/ubuntu/aspool-labs/dg03-20260927/monthly-5x/parts/1906-02-924e2c80a76a47e191ce93a812e488c7.parquet"}
{"name": "monthly_part_parity", "time": 1790513389.837865, "factor": 5, "month": "1906-03", "rows": 152277, "columns": 42, "exact": true, "path": "/home/ubuntu/aspool-labs/dg03-20260927/monthly-5x/parts/1906-03-8596e9933331435fbc73c61aaff14dad.parquet"}
{"name": "monthly_part_parity", "time": 1790513391.3288264, "factor": 5, "month": "1906-04", "rows": 146261, "columns": 42, "exact": true, "path": "/home/ubuntu/aspool-labs/dg03-20260927/monthly-5x/parts/1906-04-e24554a19d5142b6a42c318b0b7d10ba.parquet"}
{"name": "monthly_part_parity", "time": 1790513392.6669898, "factor": 5, "month": "1906-05", "rows": 126236, "columns": 42, "exact": true, "path": "/home/ubuntu/aspool-labs/dg03-20260927/monthly-5x/parts/1906-05-3a22fc31d0394b75850abb050b475695.parquet"}
{"name": "monthly_part_parity", "time": 1790513394.2583368, "factor": 5, "month": "1906-06", "rows": 148424, "columns": 42, "exact": true, "path": "/home/ubuntu/aspool-labs/dg03-20260927/monthly-5x/parts/1906-06-86c3ee6b7b604738b1c25e6b0b977560.parquet"}
{"name": "monthly_part_parity", "time": 1790513396.0039692, "factor": 5, "month": "1906-07", "rows": 163728, "columns": 42, "exact": true, "path": "/home/ubuntu/aspool-labs/dg03-20260927/monthly-5x/parts/1906-07-ac947178adb64ae3abe1e39d2591d456.parquet"}
{"name": "monthly_part_parity", "time": 1790513397.591647, "factor": 5, "month": "1906-08", "rows": 150570, "columns": 42, "exact": true, "path": "/home/ubuntu/aspool-labs/dg03-20260927/monthly-5x/parts/1906-08-5c6f75b9c7724d269c1549ccbeb16e68.parquet"}
{"name": "monthly_part_parity", "time": 1790513399.01085, "factor": 5, "month": "1906-09", "rows": 129979, "columns": 42, "exact": true, "path": "/home/ubuntu/aspool-labs/dg03-20260927/monthly-5x/parts/1906-09-17e02867df504727b211d66befce4142.parquet"}
{"name": "monthly_part_parity", "time": 1790513399.2043474, "factor": 5, "month": "1840-01", "rows": 14374, "columns": 42, "exact": true, "path": "/home/ubuntu/aspool-labs/dg03-20260927/monthly-5x/parts/1840-01-759a2551f75a4ddf87f5c3983d804be7.parquet"}
{"name": "monthly_part_parity", "time": 1790513399.3528225, "factor": 5, "month": "1840-02", "rows": 9100, "columns": 42, "exact": true, "path": "/home/ubuntu/aspool-labs/dg03-20260927/monthly-5x/parts/1840-02-f54f6e892c6147fd8aa70ccb36d75c34.parquet"}
{"name": "monthly_part_parity", "time": 1790513399.5419707, "factor": 5, "month": "1840-03", "rows": 17554, "columns": 42, "exact": true, "path": "/home/ubuntu/aspool-labs/dg03-20260927/monthly-5x/parts/1840-03-34ab74a032974466bb3efc4af51f8bbf.parquet"}
{"name": "monthly_part_parity", "time": 1790513399.7254765, "factor": 5, "month": "1840-04", "rows": 15243, "columns": 42, "exact": true, "path": "/home/ubuntu/aspool-labs/dg03-20260927/monthly-5x/parts/1840-04-cc6424a5f7f54933a50072299f74efae.parquet"}
{"name": "monthly_part_parity", "time": 1790513399.8829834, "factor": 5, "month": "1840-05", "rows": 13629, "columns": 42, "exact": true, "path": "/home/ubuntu/aspool-labs/dg03-20260927/monthly-5x/parts/1840-05-bd35e295233f4d52abdd0641c47f3e69.parquet"}
{"name": "monthly_part_parity", "time": 1790513400.0697198, "factor": 5, "month": "1840-06", "rows": 17174, "columns": 42, "exact": true, "path": "/home/ubuntu/aspool-labs/dg03-20260927/monthly-5x/parts/1840-06-813ce622d52b4577b0f88f04ddaf547d.parquet"}
{"name": "monthly_part_parity", "time": 1790513400.2451766, "factor": 5, "month": "1840-07", "rows": 16840, "columns": 42, "exact": true, "path": "/home/ubuntu/aspool-labs/dg03-20260927/monthly-5x/parts/1840-07-1042afad7b0f42ef85c73ca2f1a6e904.parquet"}
{"name": "monthly_part_parity", "time": 1790513400.4353235, "factor": 5, "month": "1840-08", "rows": 18709, "columns": 42, "exact": true, "path": "/home/ubuntu/aspool-labs/dg03-20260927/monthly-5x/parts/1840-08-37659b1abf1a434781c08627475a5ec9.parquet"}
{"name": "monthly_part_parity", "time": 1790513400.6134584, "factor": 5, "month": "1840-09", "rows": 17144, "columns": 42, "exact": true, "path": "/home/ubuntu/aspool-labs/dg03-20260927/monthly-5x/parts/1840-09-26414f4e7f4941d0af677a45d8d99e56.parquet"}
{"name": "monthly_part_parity", "time": 1790513400.769006, "factor": 5, "month": "1840-10", "rows": 14089, "columns": 42, "exact": true, "path": "/home/ubuntu/aspool-labs/dg03-20260927/monthly-5x/parts/1840-10-81c5b745f8a14127952836e4aeb8241b.parquet"}
{"name": "monthly_part_parity", "time": 1790513400.9542553, "factor": 5, "month": "1840-11", "rows": 18424, "columns": 42, "exact": true, "path": "/home/ubuntu/aspool-labs/dg03-20260927/monthly-5x/parts/1840-11-0c4ff99e02c74abd8469c55540114a9b.parquet"}
{"name": "monthly_part_parity", "time": 1790513401.1426995, "factor": 5, "month": "1840-12", "rows": 17806, "columns": 42, "exact": true, "path": "/home/ubuntu/aspool-labs/dg03-20260927/monthly-5x/parts/1840-12-6bcbad7d70df45708e1b183c1f0eeccd.parquet"}
{"name": "monthly_part_parity", "time": 1790513401.2874203, "factor": 5, "month": "1841-01", "rows": 12160, "columns": 42, "exact": true, "path": "/home/ubuntu/aspool-labs/dg03-20260927/monthly-5x/parts/1841-01-fecdfa7eeb2d4d7c96ace660e855fd65.parquet"}
{"name": "monthly_part_parity", "time": 1790513401.4459367, "factor": 5, "month": "1841-02", "rows": 15888, "columns": 42, "exact": true, "path": "/home/ubuntu/aspool-labs/dg03-20260927/monthly-5x/parts/1841-02-3751293d0df44a019cf8aac7c6da7179.parquet"}
{"name": "monthly_part_parity", "time": 1790513401.635102, "factor": 5, "month": "1841-03", "rows": 19611, "columns": 42, "exact": true, "path": "/home/ubuntu/aspool-labs/dg03-20260927/monthly-5x/parts/1841-03-6676d04409ba4e0097b6559d01b82960.parquet"}
{"name": "monthly_part_parity", "time": 1790513401.8151836, "factor": 5, "month": "1841-04", "rows": 18660, "columns": 42, "exact": true, "path": "/home/ubuntu/aspool-labs/dg03-20260927/monthly-5x/parts/1841-04-31ecc9bc9b4a4470bce29e5f25c60c21.parquet"}
{"name": "monthly_part_parity", "time": 1790513401.9841197, "factor": 5, "month": "1841-05", "rows": 15820, "columns": 42, "exact": true, "path": "/home/ubuntu/aspool-labs/dg03-20260927/monthly-5x/parts/1841-05-bc2a07a7ed904a1fb0e825de5c90a9ea.parquet"}
{"name": "monthly_part_parity", "time": 1790513402.1739755, "factor": 5, "month": "1841-06", "rows": 18852, "columns": 42, "exact": true, "path": "/home/ubuntu/aspool-labs/dg03-20260927/monthly-5x/parts/1841-06-1bc6d88954c742629e872a35a796c55e.parquet"}
{"name": "monthly_part_parity", "time": 1790513402.3727217, "factor": 5, "month": "1841-07", "rows": 20013, "columns": 42, "exact": true, "path": "/home/ubuntu/aspool-labs/dg03-20260927/monthly-5x/parts/1841-07-441cd837f1d841748a1156f02a6e5bde.parquet"}
{"name": "monthly_part_parity", "time": 1790513402.5785344, "factor": 5, "month": "1841-08", "rows": 20991, "columns": 42, "exact": true, "path": "/home/ubuntu/aspool-labs/dg03-20260927/monthly-5x/parts/1841-08-c906a559f01d43709fec2190bfc66d55.parquet"}
{"name": "monthly_part_parity", "time": 1790513402.7541773, "factor": 5, "month": "1841-09", "rows": 18356, "columns": 42, "exact": true, "path": "/home/ubuntu/aspool-labs/dg03-20260927/monthly-5x/parts/1841-09-3db4d85bd0e54e3ca879ac5f19d93531.parquet"}
{"name": "monthly_part_parity", "time": 1790513402.9376998, "factor": 5, "month": "1841-10", "rows": 16569, "columns": 42, "exact": true, "path": "/home/ubuntu/aspool-labs/dg03-20260927/monthly-5x/parts/1841-10-47ac0c0b21b94dd98cc79db6ac0737e7.parquet"}
{"name": "monthly_part_parity", "time": 1790513403.139392, "factor": 5, "month": "1841-11", "rows": 20310, "columns": 42, "exact": true, "path": "/home/ubuntu/aspool-labs/dg03-20260927/monthly-5x/parts/1841-11-d88ade28bbda48fe9c6a407d3b4e2c58.parquet"}
{"name": "monthly_part_parity", "time": 1790513403.3409598, "factor": 5, "month": "1841-12", "rows": 19315, "columns": 42, "exact": true, "path": "/home/ubuntu/aspool-labs/dg03-20260927/monthly-5x/parts/1841-12-52b230b797dc471a85b546b51a43172c.parquet"}
{"name": "monthly_part_parity", "time": 1790513403.5360339, "factor": 5, "month": "1842-01", "rows": 18674, "columns": 42, "exact": true, "path": "/home/ubuntu/aspool-labs/dg03-20260927/monthly-5x/parts/1842-01-cf66f590098e4c48bcc3ce7758a7e7ae.parquet"}
{"name": "monthly_part_parity", "time": 1790513403.6594641, "factor": 5, "month": "1842-02", "rows": 9330, "columns": 42, "exact": true, "path": "/home/ubuntu/aspool-labs/dg03-20260927/monthly-5x/parts/1842-02-e652cd4957f5422ea331438ec7b5e5cd.parquet"}
{"name": "monthly_part_parity", "time": 1790513403.8461409, "factor": 5, "month": "1842-03", "rows": 19683, "columns": 42, "exact": true, "path": "/home/ubuntu/aspool-labs/dg03-20260927/monthly-5x/parts/1842-03-fa5e666e23ec412699704e10eab01e8f.parquet"}
{"name": "monthly_part_parity", "time": 1790513404.0361857, "factor": 5, "month": "1842-04", "rows": 20495, "columns": 42, "exact": true, "path": "/home/ubuntu/aspool-labs/dg03-20260927/monthly-5x/parts/1842-04-53da02410108468b9f0ea3d7cf1e89e2.parquet"}
{"name": "monthly_part_parity", "time": 1790513404.2090688, "factor": 5, "month": "1842-05", "rows": 16657, "columns": 42, "exact": true, "path": "/home/ubuntu/aspool-labs/dg03-20260927/monthly-5x/parts/1842-05-d127b017000c4a9bafc9b51f575fd6d4.parquet"}
{"name": "monthly_part_parity", "time": 1790513404.4075649, "factor": 5, "month": "1842-06", "rows": 18805, "columns": 42, "exact": true, "path": "/home/ubuntu/aspool-labs/dg03-20260927/monthly-5x/parts/1842-06-aab54b54691848e084c6289a8b3df391.parquet"}
{"name": "monthly_part_parity", "time": 1790513404.6144087, "factor": 5, "month": "1842-07", "rows": 22078, "columns": 42, "exact": true, "path": "/home/ubuntu/aspool-labs/dg03-20260927/monthly-5x/parts/1842-07-e4618d5ecb974d3bb029f50ada6f842d.parquet"}
{"name": "monthly_part_parity", "time": 1790513404.8140445, "factor": 5, "month": "1842-08", "rows": 21401, "columns": 42, "exact": true, "path": "/home/ubuntu/aspool-labs/dg03-20260927/monthly-5x/parts/1842-08-6943c2ce39314ee2beb3187754bfc5dd.parquet"}
{"name": "monthly_part_parity", "time": 1790513405.0152621, "factor": 5, "month": "1842-09", "rows": 19513, "columns": 42, "exact": true, "path": "/home/ubuntu/aspool-labs/dg03-20260927/monthly-5x/parts/1842-09-4b8f15787f104fe692110ccdee50d41d.parquet"}
{"name": "monthly_part_parity", "time": 1790513405.1989896, "factor": 5, "month": "1842-10", "rows": 17695, "columns": 42, "exact": true, "path": "/home/ubuntu/aspool-labs/dg03-20260927/monthly-5x/parts/1842-10-2a842b421b264062825a4ff63853bec8.parquet"}
{"name": "monthly_part_parity", "time": 1790513405.404358, "factor": 5, "month": "1842-11", "rows": 20795, "columns": 42, "exact": true, "path": "/home/ubuntu/aspool-labs/dg03-20260927/monthly-5x/parts/1842-11-d888696bb6534376b939784cfd62ab83.parquet"}
{"name": "monthly_part_parity", "time": 1790513405.5971138, "factor": 5, "month": "1842-12", "rows": 21767, "columns": 42, "exact": true, "path": "/home/ubuntu/aspool-labs/dg03-20260927/monthly-5x/parts/1842-12-32c14748d49c427aa4dc860e6ef50e68.parquet"}
{"name": "monthly_part_parity", "time": 1790513405.7898097, "factor": 5, "month": "1843-01", "rows": 20056, "columns": 42, "exact": true, "path": "/home/ubuntu/aspool-labs/dg03-20260927/monthly-5x/parts/1843-01-c7a153c2578f4282aa94491cb596d69c.parquet"}
{"name": "monthly_part_parity", "time": 1790513405.9522564, "factor": 5, "month": "1843-02", "rows": 15058, "columns": 42, "exact": true, "path": "/home/ubuntu/aspool-labs/dg03-20260927/monthly-5x/parts/1843-02-ed624643ee5f4732a1621960dd6b541b.parquet"}
{"name": "monthly_part_parity", "time": 1790513406.1513467, "factor": 5, "month": "1843-03", "rows": 21176, "columns": 42, "exact": true, "path": "/home/ubuntu/aspool-labs/dg03-20260927/monthly-5x/parts/1843-03-ec152347f3274dce8c941b2e999a794b.parquet"}
{"name": "monthly_part_parity", "time": 1790513406.3709338, "factor": 5, "month": "1843-04", "rows": 22021, "columns": 42, "exact": true, "path": "/home/ubuntu/aspool-labs/dg03-20260927/monthly-5x/parts/1843-04-08642dcde4a34e5f95167cfd8185d51e.parquet"}
{"name": "monthly_part_parity", "time": 1790513406.5235975, "factor": 5, "month": "1843-05", "rows": 14824, "columns": 42, "exact": true, "path": "/home/ubuntu/aspool-labs/dg03-20260927/monthly-5x/parts/1843-05-79a34a230cb94caa9cb49eb58c681f32.parquet"}
{"name": "monthly_part_parity", "time": 1790513406.7189047, "factor": 5, "month": "1843-06", "rows": 20977, "columns": 42, "exact": true, "path": "/home/ubuntu/aspool-labs/dg03-20260927/monthly-5x/parts/1843-06-5f3fd81cd32843d5af29568fa86ad50e.parquet"}
{"name": "monthly_part_parity", "time": 1790513406.9394085, "factor": 5, "month": "1843-07", "rows": 23579, "columns": 42, "exact": true, "path": "/home/ubuntu/aspool-labs/dg03-20260927/monthly-5x/parts/1843-07-809aea8f615f4f80bd727f1f48b8592b.parquet"}
{"name": "monthly_part_parity", "time": 1790513407.1413307, "factor": 5, "month": "1843-08", "rows": 21676, "columns": 42, "exact": true, "path": "/home/ubuntu/aspool-labs/dg03-20260927/monthly-5x/parts/1843-08-19dd3876802c4e348a40fbbfa5adf302.parquet"}
{"name": "monthly_part_parity", "time": 1790513407.3439553, "factor": 5, "month": "1843-09", "rows": 22770, "columns": 42, "exact": true, "path": "/home/ubuntu/aspool-labs/dg03-20260927/monthly-5x/parts/1843-09-faf2e73985a84e91935ca05f58827a75.parquet"}
{"name": "monthly_part_parity", "time": 1790513407.5131326, "factor": 5, "month": "1843-10", "rows": 18795, "columns": 42, "exact": true, "path": "/home/ubuntu/aspool-labs/dg03-20260927/monthly-5x/parts/1843-10-1b4f96d105cc4c7c8c2e210aacbc29db.parquet"}
{"name": "monthly_part_parity", "time": 1790513407.7212691, "factor": 5, "month": "1843-11", "rows": 21045, "columns": 42, "exact": true, "path": "/home/ubuntu/aspool-labs/dg03-20260927/monthly-5x/parts/1843-11-bf21b7d52d91461c86d4f7a7ebb7785c.parquet"}
{"name": "monthly_part_parity", "time": 1790513407.944288, "factor": 5, "month": "1843-12", "rows": 24242, "columns": 42, "exact": true, "path": "/home/ubuntu/aspool-labs/dg03-20260927/monthly-5x/parts/1843-12-b29096bf8deb4b028edc8bc1d382d756.parquet"}
{"name": "monthly_part_parity", "time": 1790513408.0932705, "factor": 5, "month": "1844-01", "rows": 13839, "columns": 42, "exact": true, "path": "/home/ubuntu/aspool-labs/dg03-20260927/monthly-5x/parts/1844-01-745574d782584a74b2f0d118181adedf.parquet"}
{"name": "monthly_part_parity", "time": 1790513408.289207, "factor": 5, "month": "1844-02", "rows": 21358, "columns": 42, "exact": true, "path": "/home/ubuntu/aspool-labs/dg03-20260927/monthly-5x/parts/1844-02-863fe2ad59ad4ff3b74575459278f0c4.parquet"}
{"name": "monthly_part_parity", "time": 1790513408.49248, "factor": 5, "month": "1844-03", "rows": 24595, "columns": 42, "exact": true, "path": "/home/ubuntu/aspool-labs/dg03-20260927/monthly-5x/parts/1844-03-db40879c778d4a51a143216e0308af5f.parquet"}
{"name": "monthly_part_parity", "time": 1790513408.7146025, "factor": 5, "month": "1844-04", "rows": 23529, "columns": 42, "exact": true, "path": "/home/ubuntu/aspool-labs/dg03-20260927/monthly-5x/parts/1844-04-f5b4dc4b8ac34eef8aa0ec3dbe49738e.parquet"}
{"name": "monthly_part_parity", "time": 1790513408.9042249, "factor": 5, "month": "1844-05", "rows": 16983, "columns": 42, "exact": true, "path": "/home/ubuntu/aspool-labs/dg03-20260927/monthly-5x/parts/1844-05-96cf6057701545ceb09e3fe3cf701367.parquet"}
{"name": "monthly_part_parity", "time": 1790513409.1203864, "factor": 5, "month": "1844-06", "rows": 23905, "columns": 42, "exact": true, "path": "/home/ubuntu/aspool-labs/dg03-20260927/monthly-5x/parts/1844-06-93b28b89ff81471387a3b06511b3b310.parquet"}
{"name": "monthly_part_parity", "time": 1790513409.3360226, "factor": 5, "month": "1844-07", "rows": 24683, "columns": 42, "exact": true, "path": "/home/ubuntu/aspool-labs/dg03-20260927/monthly-5x/parts/1844-07-47299a98695842aeb062ffd7699fb09d.parquet"}
{"name": "monthly_part_parity", "time": 1790513409.560553, "factor": 5, "month": "1844-08", "rows": 25028, "columns": 42, "exact": true, "path": "/home/ubuntu/aspool-labs/dg03-20260927/monthly-5x/parts/1844-08-1584468ebca7460d90caf45751b8b0d5.parquet"}
{"name": "monthly_part_parity", "time": 1790513409.7921476, "factor": 5, "month": "1844-09", "rows": 25075, "columns": 42, "exact": true, "path": "/home/ubuntu/aspool-labs/dg03-20260927/monthly-5x/parts/1844-09-95eef0bce51c4f5893fcf54ec83ec39d.parquet"}
{"name": "monthly_part_parity", "time": 1790513409.9954777, "factor": 5, "month": "1844-10", "rows": 18310, "columns": 42, "exact": true, "path": "/home/ubuntu/aspool-labs/dg03-20260927/monthly-5x/parts/1844-10-348dffd538f441b7bd1d5f5ff3073307.parquet"}
{"name": "monthly_part_parity", "time": 1790513410.231232, "factor": 5, "month": "1844-11", "rows": 25235, "columns": 42, "exact": true, "path": "/home/ubuntu/aspool-labs/dg03-20260927/monthly-5x/parts/1844-11-d824c31b19f14c2ca0e8ad48c40c6527.parquet"}
{"name": "monthly_part_parity", "time": 1790513410.475598, "factor": 5, "month": "1844-12", "rows": 26475, "columns": 42, "exact": true, "path": "/home/ubuntu/aspool-labs/dg03-20260927/monthly-5x/parts/1844-12-c46f1a59485844bab103ebd91dec6bf4.parquet"}
{"name": "monthly_part_parity", "time": 1790513410.7086322, "factor": 5, "month": "1845-01", "rows": 23157, "columns": 42, "exact": true, "path": "/home/ubuntu/aspool-labs/dg03-20260927/monthly-5x/parts/1845-01-d2cae70b534347c381bbd01c67a3d3c8.parquet"}
{"name": "monthly_part_parity", "time": 1790513410.9025762, "factor": 5, "month": "1845-02", "rows": 15062, "columns": 42, "exact": true, "path": "/home/ubuntu/aspool-labs/dg03-20260927/monthly-5x/parts/1845-02-7ab568c266954dffa6e1999f06ff70fb.parquet"}
{"name": "monthly_part_parity", "time": 1790513411.134276, "factor": 5, "month": "1845-03", "rows": 26623, "columns": 42, "exact": true, "path": "/home/ubuntu/aspool-labs/dg03-20260927/monthly-5x/parts/1845-03-f4cf697dd3184f22bb64739f60d76bae.parquet"}
{"name": "monthly_part_parity", "time": 1790513411.3411024, "factor": 5, "month": "1845-04", "rows": 24107, "columns": 42, "exact": true, "path": "/home/ubuntu/aspool-labs/dg03-20260927/monthly-5x/parts/1845-04-8989aa43d25d473690c2ee8e5d954c1d.parquet"}
{"name": "monthly_part_parity", "time": 1790513411.5309012, "factor": 5, "month": "1845-05", "rows": 19173, "columns": 42, "exact": true, "path": "/home/ubuntu/aspool-labs/dg03-20260927/monthly-5x/parts/1845-05-e278371e39c944e0a645a94391464638.parquet"}
{"name": "monthly_part_parity", "time": 1790513411.7820103, "factor": 5, "month": "1845-06", "rows": 24973, "columns": 42, "exact": true, "path": "/home/ubuntu/aspool-labs/dg03-20260927/monthly-5x/parts/1845-06-3da8b45a67214da98504091b43217b0e.parquet"}
{"name": "monthly_part_parity", "time": 1790513412.0412412, "factor": 5, "month": "1845-07", "rows": 24246, "columns": 42, "exact": true, "path": "/home/ubuntu/aspool-labs/dg03-20260927/monthly-5x/parts/1845-07-68de7e5ef15a41b597a51267ec8a3e93.parquet"}
{"name": "monthly_part_parity", "time": 1790513412.2783163, "factor": 5, "month": "1845-08", "rows": 26419, "columns": 42, "exact": true, "path": "/home/ubuntu/aspool-labs/dg03-20260927/monthly-5x/parts/1845-08-76ae6108eae64bf9add5ca1c71ac03fe.parquet"}
{"name": "monthly_part_parity", "time": 1790513412.5350559, "factor": 5, "month": "1845-09", "rows": 24834, "columns": 42, "exact": true, "path": "/home/ubuntu/aspool-labs/dg03-20260927/monthly-5x/parts/1845-09-fccef0b45f5a4df3b548f4ec6468d054.parquet"}
{"name": "monthly_part_parity", "time": 1790513412.7337902, "factor": 5, "month": "1845-10", "rows": 17199, "columns": 42, "exact": true, "path": "/home/ubuntu/aspool-labs/dg03-20260927/monthly-5x/parts/1845-10-9db9d653a44a41daaaf0d4ca00f44fcd.parquet"}
{"name": "monthly_part_parity", "time": 1790513412.9587405, "factor": 5, "month": "1845-11", "rows": 23750, "columns": 42, "exact": true, "path": "/home/ubuntu/aspool-labs/dg03-20260927/monthly-5x/parts/1845-11-a160705abdec416fbc73ea62362d5559.parquet"}
{"name": "monthly_part_parity", "time": 1790513413.186132, "factor": 5, "month": "1845-12", "rows": 23220, "columns": 42, "exact": true, "path": "/home/ubuntu/aspool-labs/dg03-20260927/monthly-5x/parts/1845-12-27b034908cc44429b931e2d1fb903b0e.parquet"}
{"name": "monthly_part_parity", "time": 1790513413.3894682, "factor": 5, "month": "1846-01", "rows": 16673, "columns": 42, "exact": true, "path": "/home/ubuntu/aspool-labs/dg03-20260927/monthly-5x/parts/1846-01-a4552e562db84c62a0d2173d3fc733f5.parquet"}
{"name": "monthly_part_parity", "time": 1790513413.5785387, "factor": 5, "month": "1846-02", "rows": 17621, "columns": 42, "exact": true, "path": "/home/ubuntu/aspool-labs/dg03-20260927/monthly-5x/parts/1846-02-abd2c7e6e5064d88b8e684ba921430a1.parquet"}
{"name": "monthly_part_parity", "time": 1790513413.7959063, "factor": 5, "month": "1846-03", "rows": 22712, "columns": 42, "exact": true, "path": "/home/ubuntu/aspool-labs/dg03-20260927/monthly-5x/parts/1846-03-646eed98fa4f44daa15b7cdfba6d107a.parquet"}
{"name": "monthly_part_parity", "time": 1790513413.9894304, "factor": 5, "month": "1846-04", "rows": 19520, "columns": 42, "exact": true, "path": "/home/ubuntu/aspool-labs/dg03-20260927/monthly-5x/parts/1846-04-b54c9875896946c5b9b0739b2df11673.parquet"}
{"name": "monthly_part_parity", "time": 1790513414.1646178, "factor": 5, "month": "1846-05", "rows": 17346, "columns": 42, "exact": true, "path": "/home/ubuntu/aspool-labs/dg03-20260927/monthly-5x/parts/1846-05-bdfe0102e516419cb8b586060150bc3f.parquet"}
{"name": "monthly_part_parity", "time": 1790513414.3807538, "factor": 5, "month": "1846-06", "rows": 22032, "columns": 42, "exact": true, "path": "/home/ubuntu/aspool-labs/dg03-20260927/monthly-5x/parts/1846-06-ef970ce6d07f4f46aa08f137cf0524b5.parquet"}
{"name": "monthly_part_parity", "time": 1790513414.5833037, "factor": 5, "month": "1846-07", "rows": 21805, "columns": 42, "exact": true, "path": "/home/ubuntu/aspool-labs/dg03-20260927/monthly-5x/parts/1846-07-a8bf605f437f48cbb5d1e33659602f69.parquet"}
{"name": "monthly_part_parity", "time": 1790513414.818157, "factor": 5, "month": "1846-08", "rows": 24962, "columns": 42, "exact": true, "path": "/home/ubuntu/aspool-labs/dg03-20260927/monthly-5x/parts/1846-08-dc1d4dfd324a4a568c837f4e871fa9b7.parquet"}
{"name": "monthly_part_parity", "time": 1790513415.0261655, "factor": 5, "month": "1846-09", "rows": 23395, "columns": 42, "exact": true, "path": "/home/ubuntu/aspool-labs/dg03-20260927/monthly-5x/parts/1846-09-def9fc9e1d694ca1b69bd69bca5cef50.parquet"}
{"name": "monthly_part_parity", "time": 1790513415.2150984, "factor": 5, "month": "1846-10", "rows": 19180, "columns": 42, "exact": true, "path": "/home/ubuntu/aspool-labs/dg03-20260927/monthly-5x/parts/1846-10-7c063f3ba55e4b68aa2f72725cfc668f.parquet"}
{"name": "monthly_part_parity", "time": 1790513415.4308918, "factor": 5, "month": "1846-11", "rows": 25082, "columns": 42, "exact": true, "path": "/home/ubuntu/aspool-labs/dg03-20260927/monthly-5x/parts/1846-11-b10205bb36444124b7c0a1143156593f.parquet"}
{"name": "monthly_part_parity", "time": 1790513415.6625605, "factor": 5, "month": "1846-12", "rows": 23833, "columns": 42, "exact": true, "path": "/home/ubuntu/aspool-labs/dg03-20260927/monthly-5x/parts/1846-12-b84d18d7849d41e3b244a0666eb673a7.parquet"}
{"name": "monthly_part_parity", "time": 1790513415.8894384, "factor": 5, "month": "1847-01", "rows": 23014, "columns": 42, "exact": true, "path": "/home/ubuntu/aspool-labs/dg03-20260927/monthly-5x/parts/1847-01-a909248d68cf4b068e6fd4e2169d3511.parquet"}
{"name": "monthly_part_parity", "time": 1790513416.0643, "factor": 5, "month": "1847-02", "rows": 17555, "columns": 42, "exact": true, "path": "/home/ubuntu/aspool-labs/dg03-20260927/monthly-5x/parts/1847-02-ede52955cb7745dcbf1f56e76bdde284.parquet"}
{"name": "monthly_part_parity", "time": 1790513416.3058498, "factor": 5, "month": "1847-03", "rows": 25984, "columns": 42, "exact": true, "path": "/home/ubuntu/aspool-labs/dg03-20260927/monthly-5x/parts/1847-03-b981e2b23cbb4734bdf186d5c3fb2b6c.parquet"}
{"name": "monthly_part_parity", "time": 1790513416.539684, "factor": 5, "month": "1847-04", "rows": 24687, "columns": 42, "exact": true, "path": "/home/ubuntu/aspool-labs/dg03-20260927/monthly-5x/parts/1847-04-2b4269cf24f54181b4e2658a754f1ddb.parquet"}
{"name": "monthly_part_parity", "time": 1790513416.7593446, "factor": 5, "month": "1847-05", "rows": 20836, "columns": 42, "exact": true, "path": "/home/ubuntu/aspool-labs/dg03-20260927/monthly-5x/parts/1847-05-1a62bd63aba04840aa4f0704cfd1e604.parquet"}
{"name": "monthly_part_parity", "time": 1790513416.989428, "factor": 5, "month": "1847-06", "rows": 25010, "columns": 42, "exact": true, "path": "/home/ubuntu/aspool-labs/dg03-20260927/monthly-5x/parts/1847-06-b81d0d263e1046099754bfb91e6b376e.parquet"}
{"name": "monthly_part_parity", "time": 1790513417.2244534, "factor": 5, "month": "1847-07", "rows": 26598, "columns": 42, "exact": true, "path": "/home/ubuntu/aspool-labs/dg03-20260927/monthly-5x/parts/1847-07-23f46b3bbc3d40748649f5018c1e69df.parquet"}
{"name": "monthly_part_parity", "time": 1790513417.4932964, "factor": 5, "month": "1847-08", "rows": 27783, "columns": 42, "exact": true, "path": "/home/ubuntu/aspool-labs/dg03-20260927/monthly-5x/parts/1847-08-c1f4d90f8d394ef5abe12a135a772ac4.parquet"}
{"name": "monthly_part_parity", "time": 1790513417.7386324, "factor": 5, "month": "1847-09", "rows": 24395, "columns": 42, "exact": true, "path": "/home/ubuntu/aspool-labs/dg03-20260927/monthly-5x/parts/1847-09-2ac2ca1fd892476b8fb63a58fa75b08c.parquet"}
{"name": "monthly_part_parity", "time": 1790513417.9632103, "factor": 5, "month": "1847-10", "rows": 22102, "columns": 42, "exact": true, "path": "/home/ubuntu/aspool-labs/dg03-20260927/monthly-5x/parts/1847-10-23a550c589da4473b6960fb160cd5526.parquet"}
{"name": "monthly_part_parity", "time": 1790513418.2289739, "factor": 5, "month": "1847-11", "rows": 27121, "columns": 42, "exact": true, "path": "/home/ubuntu/aspool-labs/dg03-20260927/monthly-5x/parts/1847-11-6576e9a203db4034b8e59ee1ece54aee.parquet"}
{"name": "monthly_part_parity", "time": 1790513418.4839656, "factor": 5, "month": "1847-12", "rows": 24856, "columns": 42, "exact": true, "path": "/home/ubuntu/aspool-labs/dg03-20260927/monthly-5x/parts/1847-12-0c69966164904405bd45781ca4c301ba.parquet"}
{"name": "monthly_part_parity", "time": 1790513418.731523, "factor": 5, "month": "1848-01", "rows": 27880, "columns": 42, "exact": true, "path": "/home/ubuntu/aspool-labs/dg03-20260927/monthly-5x/parts/1848-01-c7f144250d6048bb9761836bde103249.parquet"}
{"name": "monthly_part_parity", "time": 1790513418.9175274, "factor": 5, "month": "1848-02", "rows": 20523, "columns": 42, "exact": true, "path": "/home/ubuntu/aspool-labs/dg03-20260927/monthly-5x/parts/1848-02-a8237d7d3a76425e94e6ee6cd00225ee.parquet"}
{"name": "monthly_part_parity", "time": 1790513419.1888084, "factor": 5, "month": "1848-03", "rows": 26900, "columns": 42, "exact": true, "path": "/home/ubuntu/aspool-labs/dg03-20260927/monthly-5x/parts/1848-03-def5ed9755e842a7bf6370e7222befa0.parquet"}
{"name": "monthly_part_parity", "time": 1790513419.4310856, "factor": 5, "month": "1848-04", "rows": 26694, "columns": 42, "exact": true, "path": "/home/ubuntu/aspool-labs/dg03-20260927/monthly-5x/parts/1848-04-85dde34e6c4144c588fe897c0d66ab09.parquet"}
{"name": "monthly_part_parity", "time": 1790513419.7229953, "factor": 5, "month": "1848-05", "rows": 25379, "columns": 42, "exact": true, "path": "/home/ubuntu/aspool-labs/dg03-20260927/monthly-5x/parts/1848-05-1222ae7be21a4893ad4b7fd7b6c5fc5f.parquet"}
{"name": "monthly_part_parity", "time": 1790513419.955362, "factor": 5, "month": "1848-06", "rows": 26137, "columns": 42, "exact": true, "path": "/home/ubuntu/aspool-labs/dg03-20260927/monthly-5x/parts/1848-06-1c88fa7188af4dbc9f32e7e01a8ed9e7.parquet"}
{"name": "monthly_part_parity", "time": 1790513420.2323961, "factor": 5, "month": "1848-07", "rows": 30947, "columns": 42, "exact": true, "path": "/home/ubuntu/aspool-labs/dg03-20260927/monthly-5x/parts/1848-07-a30e0c5ab8a14cd1a02007d06094c46c.parquet"}
{"name": "monthly_part_parity", "time": 1790513420.4714336, "factor": 5, "month": "1848-08", "rows": 28522, "columns": 42, "exact": true, "path": "/home/ubuntu/aspool-labs/dg03-20260927/monthly-5x/parts/1848-08-01c6bd40a48b4a92bf4cf558f86b13f1.parquet"}
{"name": "monthly_part_parity", "time": 1790513420.7065737, "factor": 5, "month": "1848-09", "rows": 25987, "columns": 42, "exact": true, "path": "/home/ubuntu/aspool-labs/dg03-20260927/monthly-5x/parts/1848-09-fb0c26ff92fb419d9c8f32b7fa4e6452.parquet"}
{"name": "monthly_part_parity", "time": 1790513420.956261, "factor": 5, "month": "1848-10", "rows": 27356, "columns": 42, "exact": true, "path": "/home/ubuntu/aspool-labs/dg03-20260927/monthly-5x/parts/1848-10-9b82a85ed781493783fc6799f01389a9.parquet"}
{"name": "monthly_part_parity", "time": 1790513421.2070985, "factor": 5, "month": "1848-11", "rows": 27309, "columns": 42, "exact": true, "path": "/home/ubuntu/aspool-labs/dg03-20260927/monthly-5x/parts/1848-11-2e416ff56ca94dbc8117aaabe6c92218.parquet"}
{"name": "monthly_part_parity", "time": 1790513421.4793115, "factor": 5, "month": "1848-12", "rows": 31466, "columns": 42, "exact": true, "path": "/home/ubuntu/aspool-labs/dg03-20260927/monthly-5x/parts/1848-12-bb5523ad4fee40c08ce540d1d7ef8383.parquet"}
{"name": "monthly_part_parity", "time": 1790513421.6811855, "factor": 5, "month": "1849-01", "rows": 20733, "columns": 42, "exact": true, "path": "/home/ubuntu/aspool-labs/dg03-20260927/monthly-5x/parts/1849-01-63ac852b49b5433398b2a19ce857785f.parquet"}
{"name": "monthly_part_parity", "time": 1790513421.929628, "factor": 5, "month": "1849-02", "rows": 27716, "columns": 42, "exact": true, "path": "/home/ubuntu/aspool-labs/dg03-20260927/monthly-5x/parts/1849-02-a69656ffe5444fdf8d173fe23406e715.parquet"}
{"name": "monthly_part_parity", "time": 1790513422.1906388, "factor": 5, "month": "1849-03", "rows": 30436, "columns": 42, "exact": true, "path": "/home/ubuntu/aspool-labs/dg03-20260927/monthly-5x/parts/1849-03-70412fc0017a41c899984893826f5a54.parquet"}
{"name": "monthly_part_parity", "time": 1790513422.4366944, "factor": 5, "month": "1849-04", "rows": 28501, "columns": 42, "exact": true, "path": "/home/ubuntu/aspool-labs/dg03-20260927/monthly-5x/parts/1849-04-869efe79167b42e6914d977d36fce29e.parquet"}
{"name": "monthly_part_parity", "time": 1790513422.6575408, "factor": 5, "month": "1849-05", "rows": 24260, "columns": 42, "exact": true, "path": "/home/ubuntu/aspool-labs/dg03-20260927/monthly-5x/parts/1849-05-ee20f981657649e8abe0996b71771964.parquet"}
{"name": "monthly_part_parity", "time": 1790513422.9079971, "factor": 5, "month": "1849-06", "rows": 30142, "columns": 42, "exact": true, "path": "/home/ubuntu/aspool-labs/dg03-20260927/monthly-5x/parts/1849-06-97cc474423f94be8b366a1c66f0179b0.parquet"}
{"name": "monthly_part_parity", "time": 1790513423.179537, "factor": 5, "month": "1849-07", "rows": 31658, "columns": 42, "exact": true, "path": "/home/ubuntu/aspool-labs/dg03-20260927/monthly-5x/parts/1849-07-d39d241ba89441eab084feefcaf2a398.parquet"}
{"name": "monthly_part_parity", "time": 1790513423.4313176, "factor": 5, "month": "1849-08", "rows": 29042, "columns": 42, "exact": true, "path": "/home/ubuntu/aspool-labs/dg03-20260927/monthly-5x/parts/1849-08-7850c333f94e421e9ae03754d84df11d.parquet"}
{"name": "monthly_part_parity", "time": 1790513423.6773946, "factor": 5, "month": "1849-09", "rows": 30705, "columns": 42, "exact": true, "path": "/home/ubuntu/aspool-labs/dg03-20260927/monthly-5x/parts/1849-09-7c1e7b0bcd3f40c696fe11c7ad0e3ad8.parquet"}
{"name": "monthly_part_parity", "time": 1790513423.8968108, "factor": 5, "month": "1849-10", "rows": 22630, "columns": 42, "exact": true, "path": "/home/ubuntu/aspool-labs/dg03-20260927/monthly-5x/parts/1849-10-4adf47fcac1d466a9e714eaa36526e41.parquet"}
{"name": "monthly_part_parity", "time": 1790513424.1614559, "factor": 5, "month": "1849-11", "rows": 30208, "columns": 42, "exact": true, "path": "/home/ubuntu/aspool-labs/dg03-20260927/monthly-5x/parts/1849-11-5d57a9e6af234e289d48eabdb99812ff.parquet"}
{"name": "monthly_part_parity", "time": 1790513424.442173, "factor": 5, "month": "1849-12", "rows": 33375, "columns": 42, "exact": true, "path": "/home/ubuntu/aspool-labs/dg03-20260927/monthly-5x/parts/1849-12-1219d9e30f5d4e72ab96e26ec76b3c5d.parquet"}
{"name": "monthly_part_parity", "time": 1790513424.7045383, "factor": 5, "month": "1850-01", "rows": 29950, "columns": 42, "exact": true, "path": "/home/ubuntu/aspool-labs/dg03-20260927/monthly-5x/parts/1850-01-013fa3fd32504707be97bb6d343fc936.parquet"}
{"name": "monthly_part_parity", "time": 1790513424.9300594, "factor": 5, "month": "1850-02", "rows": 22961, "columns": 42, "exact": true, "path": "/home/ubuntu/aspool-labs/dg03-20260927/monthly-5x/parts/1850-02-80e789c4ab084ceba843c2ce22e00e93.parquet"}
{"name": "monthly_part_parity", "time": 1790513425.2472281, "factor": 5, "month": "1850-03", "rows": 35682, "columns": 42, "exact": true, "path": "/home/ubuntu/aspool-labs/dg03-20260927/monthly-5x/parts/1850-03-5899dc3a0f19485b97bf3ead60aa5ba2.parquet"}
{"name": "monthly_part_parity", "time": 1790513425.5530076, "factor": 5, "month": "1850-04", "rows": 32713, "columns": 42, "exact": true, "path": "/home/ubuntu/aspool-labs/dg03-20260927/monthly-5x/parts/1850-04-72f10c622f7349769e62e8fa6b965d4a.parquet"}
{"name": "monthly_part_parity", "time": 1790513425.8349664, "factor": 5, "month": "1850-05", "rows": 31617, "columns": 42, "exact": true, "path": "/home/ubuntu/aspool-labs/dg03-20260927/monthly-5x/parts/1850-05-0aeb4d6ae7f14cdda0d6def7775d5912.parquet"}
{"name": "monthly_part_parity", "time": 1790513426.115279, "factor": 5, "month": "1850-06", "rows": 30720, "columns": 42, "exact": true, "path": "/home/ubuntu/aspool-labs/dg03-20260927/monthly-5x/parts/1850-06-bb88a46d4eb54a1cb2508ea1d84cfeac.parquet"}
{"name": "monthly_part_parity", "time": 1790513426.4862428, "factor": 5, "month": "1850-07", "rows": 36315, "columns": 42, "exact": true, "path": "/home/ubuntu/aspool-labs/dg03-20260927/monthly-5x/parts/1850-07-3f33b318af6e4ce28b932453d4bb0497.parquet"}
{"name": "monthly_part_parity", "time": 1790513426.8158407, "factor": 5, "month": "1850-08", "rows": 36587, "columns": 42, "exact": true, "path": "/home/ubuntu/aspool-labs/dg03-20260927/monthly-5x/parts/1850-08-1c4cb2db4df24c19b79a4ac39e31c5bc.parquet"}
{"name": "monthly_part_parity", "time": 1790513427.11166, "factor": 5, "month": "1850-09", "rows": 32042, "columns": 42, "exact": true, "path": "/home/ubuntu/aspool-labs/dg03-20260927/monthly-5x/parts/1850-09-44e98a3fcfbf46c69c4ba38558d19f52.parquet"}
{"name": "monthly_part_parity", "time": 1790513427.3994024, "factor": 5, "month": "1850-10", "rows": 27602, "columns": 42, "exact": true, "path": "/home/ubuntu/aspool-labs/dg03-20260927/monthly-5x/parts/1850-10-4d31aee2a8d1451e9e19d41c222811fe.parquet"}
{"name": "monthly_part_parity", "time": 1790513427.7436361, "factor": 5, "month": "1850-11", "rows": 38338, "columns": 42, "exact": true, "path": "/home/ubuntu/aspool-labs/dg03-20260927/monthly-5x/parts/1850-11-239f8bffbafa456fa33420f71e974c63.parquet"}
{"name": "monthly_part_parity", "time": 1790513428.0966585, "factor": 5, "month": "1850-12", "rows": 40584, "columns": 42, "exact": true, "path": "/home/ubuntu/aspool-labs/dg03-20260927/monthly-5x/parts/1850-12-af19629b765c4829b1eac843fceb46f1.parquet"}
{"name": "monthly_part_parity", "time": 1790513428.4448984, "factor": 5, "month": "1851-01", "rows": 36142, "columns": 42, "exact": true, "path": "/home/ubuntu/aspool-labs/dg03-20260927/monthly-5x/parts/1851-01-f3dfb98321aa43d8abec31f87ba82fbe.parquet"}
{"name": "monthly_part_parity", "time": 1790513428.7263901, "factor": 5, "month": "1851-02", "rows": 27563, "columns": 42, "exact": true, "path": "/home/ubuntu/aspool-labs/dg03-20260927/monthly-5x/parts/1851-02-2081a47c734c4a46a249d66223d6316a.parquet"}
{"name": "monthly_part_parity", "time": 1790513429.0972748, "factor": 5, "month": "1851-03", "rows": 42754, "columns": 42, "exact": true, "path": "/home/ubuntu/aspool-labs/dg03-20260927/monthly-5x/parts/1851-03-ccfeb7b0f7904852b0e0f06692ae1fa3.parquet"}
{"name": "monthly_part_parity", "time": 1790513429.4072328, "factor": 5, "month": "1851-04", "rows": 35212, "columns": 42, "exact": true, "path": "/home/ubuntu/aspool-labs/dg03-20260927/monthly-5x/parts/1851-04-9d54f0472cd244948d26013bad2fcc97.parquet"}
{"name": "monthly_part_parity", "time": 1790513429.7360153, "factor": 5, "month": "1851-05", "rows": 39426, "columns": 42, "exact": true, "path": "/home/ubuntu/aspool-labs/dg03-20260927/monthly-5x/parts/1851-05-5190bed668b44392b1abc5d31adbab87.parquet"}
{"name": "monthly_part_parity", "time": 1790513430.064619, "factor": 5, "month": "1851-06", "rows": 40413, "columns": 42, "exact": true, "path": "/home/ubuntu/aspool-labs/dg03-20260927/monthly-5x/parts/1851-06-9f48551b6aea489082b84c0d7bb10966.parquet"}
{"name": "monthly_part_parity", "time": 1790513430.417281, "factor": 5, "month": "1851-07", "rows": 41149, "columns": 42, "exact": true, "path": "/home/ubuntu/aspool-labs/dg03-20260927/monthly-5x/parts/1851-07-5b2b9b4556274242b17b29705f236e1b.parquet"}
{"name": "monthly_part_parity", "time": 1790513430.807159, "factor": 5, "month": "1851-08", "rows": 45726, "columns": 42, "exact": true, "path": "/home/ubuntu/aspool-labs/dg03-20260927/monthly-5x/parts/1851-08-5ce06b0fb06348039c4f5af7f19c92db.parquet"}
{"name": "monthly_part_parity", "time": 1790513431.1649733, "factor": 5, "month": "1851-09", "rows": 42181, "columns": 42, "exact": true, "path": "/home/ubuntu/aspool-labs/dg03-20260927/monthly-5x/parts/1851-09-1cf176d4d5d04ed98844dad9044a9044.parquet"}
{"name": "monthly_part_parity", "time": 1790513431.447593, "factor": 5, "month": "1851-10", "rows": 32429, "columns": 42, "exact": true, "path": "/home/ubuntu/aspool-labs/dg03-20260927/monthly-5x/parts/1851-10-ff1f845460864822818a4e3a184ecbd0.parquet"}
{"name": "monthly_part_parity", "time": 1790513431.8205187, "factor": 5, "month": "1851-11", "rows": 44782, "columns": 42, "exact": true, "path": "/home/ubuntu/aspool-labs/dg03-20260927/monthly-5x/parts/1851-11-eaefc708347b4fbcbac0bb87be126dbd.parquet"}
{"name": "monthly_part_parity", "time": 1790513432.16961, "factor": 5, "month": "1851-12", "rows": 45172, "columns": 42, "exact": true, "path": "/home/ubuntu/aspool-labs/dg03-20260927/monthly-5x/parts/1851-12-d5851d035c34429a91a3c38ec47f28d4.parquet"}
{"name": "monthly_part_parity", "time": 1790513432.4327884, "factor": 5, "month": "1852-01", "rows": 31090, "columns": 42, "exact": true, "path": "/home/ubuntu/aspool-labs/dg03-20260927/monthly-5x/parts/1852-01-8a9b822cb6ea40439a4a0be627de5465.parquet"}
{"name": "monthly_part_parity", "time": 1790513432.8031912, "factor": 5, "month": "1852-02", "rows": 43710, "columns": 42, "exact": true, "path": "/home/ubuntu/aspool-labs/dg03-20260927/monthly-5x/parts/1852-02-6b5cce453ce249e992087d8d82feedbb.parquet"}
{"name": "monthly_part_parity", "time": 1790513433.18388, "factor": 5, "month": "1852-03", "rows": 46070, "columns": 42, "exact": true, "path": "/home/ubuntu/aspool-labs/dg03-20260927/monthly-5x/parts/1852-03-7b1693a5a6e044c3b65681e96eba24c2.parquet"}
{"name": "monthly_part_parity", "time": 1790513433.4865878, "factor": 5, "month": "1852-04", "rows": 35390, "columns": 42, "exact": true, "path": "/home/ubuntu/aspool-labs/dg03-20260927/monthly-5x/parts/1852-04-f033ba6bebcc4a52853499be452718cb.parquet"}
{"name": "monthly_part_parity", "time": 1790513433.875678, "factor": 5, "month": "1852-05", "rows": 46391, "columns": 42, "exact": true, "path": "/home/ubuntu/aspool-labs/dg03-20260927/monthly-5x/parts/1852-05-91f260d1f4f1403b91549e882227fce3.parquet"}
{"name": "monthly_part_parity", "time": 1790513434.2154026, "factor": 5, "month": "1852-06", "rows": 43133, "columns": 42, "exact": true, "path": "/home/ubuntu/aspool-labs/dg03-20260927/monthly-5x/parts/1852-06-41da929c23b940b7b19c5bcf645326c7.parquet"}
{"name": "monthly_part_parity", "time": 1790513434.6161408, "factor": 5, "month": "1852-07", "rows": 48407, "columns": 42, "exact": true, "path": "/home/ubuntu/aspool-labs/dg03-20260927/monthly-5x/parts/1852-07-3851900c37514d2b8713da3b630d135a.parquet"}
{"name": "monthly_part_parity", "time": 1790513435.0368135, "factor": 5, "month": "1852-08", "rows": 50989, "columns": 42, "exact": true, "path": "/home/ubuntu/aspool-labs/dg03-20260927/monthly-5x/parts/1852-08-dc89dddca8cd4f76910a505eb70f4329.parquet"}
{"name": "monthly_part_parity", "time": 1790513435.4143465, "factor": 5, "month": "1852-09", "rows": 44583, "columns": 42, "exact": true, "path": "/home/ubuntu/aspool-labs/dg03-20260927/monthly-5x/parts/1852-09-c26b4bf02ee342e9a36143cfb44d1546.parquet"}
{"name": "monthly_part_parity", "time": 1790513435.760383, "factor": 5, "month": "1852-10", "rows": 40346, "columns": 42, "exact": true, "path": "/home/ubuntu/aspool-labs/dg03-20260927/monthly-5x/parts/1852-10-3feaa71f9b954c399dd0d10fab263a59.parquet"}
{"name": "monthly_part_parity", "time": 1790513436.1502562, "factor": 5, "month": "1852-11", "rows": 49400, "columns": 42, "exact": true, "path": "/home/ubuntu/aspool-labs/dg03-20260927/monthly-5x/parts/1852-11-73e51d24289a49c3834d2ce1ecbc8e50.parquet"}
{"name": "monthly_part_parity", "time": 1790513436.5179923, "factor": 5, "month": "1852-12", "rows": 46810, "columns": 42, "exact": true, "path": "/home/ubuntu/aspool-labs/dg03-20260927/monthly-5x/parts/1852-12-6ebbd5c8a23b488f919ee97db62a5679.parquet"}
{"name": "monthly_part_parity", "time": 1790513436.906285, "factor": 5, "month": "1853-01", "rows": 44547, "columns": 42, "exact": true, "path": "/home/ubuntu/aspool-labs/dg03-20260927/monthly-5x/parts/1853-01-f216e55de80f489baeb54c5b2046c0c5.parquet"}
{"name": "monthly_part_parity", "time": 1790513437.2169366, "factor": 5, "month": "1853-02", "rows": 33593, "columns": 42, "exact": true, "path": "/home/ubuntu/aspool-labs/dg03-20260927/monthly-5x/parts/1853-02-7118f484b5cd4e39b0b1178a82aa95b0.parquet"}
{"name": "monthly_part_parity", "time": 1790513437.5964863, "factor": 5, "month": "1853-03", "rows": 46932, "columns": 42, "exact": true, "path": "/home/ubuntu/aspool-labs/dg03-20260927/monthly-5x/parts/1853-03-bd421d1cb4e84961b657e3918654953c.parquet"}
{"name": "monthly_part_parity", "time": 1790513437.9372087, "factor": 5, "month": "1853-04", "rows": 40172, "columns": 42, "exact": true, "path": "/home/ubuntu/aspool-labs/dg03-20260927/monthly-5x/parts/1853-04-50cfb0beedf442ccb2750731f1ed9228.parquet"}
{"name": "monthly_part_parity", "time": 1790513438.3398445, "factor": 5, "month": "1853-05", "rows": 49084, "columns": 42, "exact": true, "path": "/home/ubuntu/aspool-labs/dg03-20260927/monthly-5x/parts/1853-05-3360bdedc0b44fdebfb4a70467ca2b18.parquet"}
{"name": "monthly_part_parity", "time": 1790513438.661219, "factor": 5, "month": "1853-06", "rows": 37741, "columns": 42, "exact": true, "path": "/home/ubuntu/aspool-labs/dg03-20260927/monthly-5x/parts/1853-06-534e3d90563245d4b134e359ef1ccb6a.parquet"}
{"name": "monthly_part_parity", "time": 1790513439.062787, "factor": 5, "month": "1853-07", "rows": 51003, "columns": 42, "exact": true, "path": "/home/ubuntu/aspool-labs/dg03-20260927/monthly-5x/parts/1853-07-d732958c2be147c486760ad7cd0ad83c.parquet"}
{"name": "monthly_part_parity", "time": 1790513439.4639938, "factor": 5, "month": "1853-08", "rows": 48719, "columns": 42, "exact": true, "path": "/home/ubuntu/aspool-labs/dg03-20260927/monthly-5x/parts/1853-08-c8e96a8b4aaf43cea2c5c08a233cbfe8.parquet"}
{"name": "monthly_part_parity", "time": 1790513439.8138216, "factor": 5, "month": "1853-09", "rows": 42173, "columns": 42, "exact": true, "path": "/home/ubuntu/aspool-labs/dg03-20260927/monthly-5x/parts/1853-09-8b0d2d8e03794274aa70419c4e74a964.parquet"}
{"name": "monthly_part_parity", "time": 1790513440.14714, "factor": 5, "month": "1853-10", "rows": 39999, "columns": 42, "exact": true, "path": "/home/ubuntu/aspool-labs/dg03-20260927/monthly-5x/parts/1853-10-9d73724978a94263b28f3486ab24907c.parquet"}
{"name": "monthly_part_parity", "time": 1790513440.5303144, "factor": 5, "month": "1853-11", "rows": 46497, "columns": 42, "exact": true, "path": "/home/ubuntu/aspool-labs/dg03-20260927/monthly-5x/parts/1853-11-01e27d3020ad489e94eb0afb168b37dd.parquet"}
{"name": "monthly_part_parity", "time": 1790513440.9212532, "factor": 5, "month": "1853-12", "rows": 48677, "columns": 42, "exact": true, "path": "/home/ubuntu/aspool-labs/dg03-20260927/monthly-5x/parts/1853-12-3d6e34ab76814b4d8039e1eecbecf64c.parquet"}
{"name": "monthly_part_parity", "time": 1790513441.3031795, "factor": 5, "month": "1854-01", "rows": 46761, "columns": 42, "exact": true, "path": "/home/ubuntu/aspool-labs/dg03-20260927/monthly-5x/parts/1854-01-9adb8ae40299401d9a5dd9191f5e395b.parquet"}
{"name": "monthly_part_parity", "time": 1790513441.6270356, "factor": 5, "month": "1854-02", "rows": 35899, "columns": 42, "exact": true, "path": "/home/ubuntu/aspool-labs/dg03-20260927/monthly-5x/parts/1854-02-c41e21cb45334ea0b23806652fe2a44f.parquet"}
{"name": "monthly_part_parity", "time": 1790513442.0076783, "factor": 5, "month": "1854-03", "rows": 46996, "columns": 42, "exact": true, "path": "/home/ubuntu/aspool-labs/dg03-20260927/monthly-5x/parts/1854-03-1ac6e89d8ed54ab0b7be57b0c6f6aea6.parquet"}
{"name": "monthly_part_parity", "time": 1790513442.3953452, "factor": 5, "month": "1854-04", "rows": 46171, "columns": 42, "exact": true, "path": "/home/ubuntu/aspool-labs/dg03-20260927/monthly-5x/parts/1854-04-c85f23278fa64781ab69cb9875da8ef5.parquet"}
{"name": "monthly_part_parity", "time": 1790513442.7546701, "factor": 5, "month": "1854-05", "rows": 43615, "columns": 42, "exact": true, "path": "/home/ubuntu/aspool-labs/dg03-20260927/monthly-5x/parts/1854-05-72bdb5b3b7794ab6b3e95d545d517ec0.parquet"}
{"name": "monthly_part_parity", "time": 1790513443.141634, "factor": 5, "month": "1854-06", "rows": 43489, "columns": 42, "exact": true, "path": "/home/ubuntu/aspool-labs/dg03-20260927/monthly-5x/parts/1854-06-c35b0da8d2014f5fac5bbd3b5becf29e.parquet"}
{"name": "monthly_part_parity", "time": 1790513443.539701, "factor": 5, "month": "1854-07", "rows": 50110, "columns": 42, "exact": true, "path": "/home/ubuntu/aspool-labs/dg03-20260927/monthly-5x/parts/1854-07-643cdac263084ed8b5a403672a2df596.parquet"}
{"name": "monthly_part_parity", "time": 1790513443.92549, "factor": 5, "month": "1854-08", "rows": 46161, "columns": 42, "exact": true, "path": "/home/ubuntu/aspool-labs/dg03-20260927/monthly-5x/parts/1854-08-16167f4666094d59924fead1909a1022.parquet"}
{"name": "monthly_part_parity", "time": 1790513444.320222, "factor": 5, "month": "1854-09", "rows": 46200, "columns": 42, "exact": true, "path": "/home/ubuntu/aspool-labs/dg03-20260927/monthly-5x/parts/1854-09-506372f4b20a41c0bed16c51b38928a2.parquet"}
{"name": "monthly_part_parity", "time": 1790513444.658668, "factor": 5, "month": "1854-10", "rows": 39788, "columns": 42, "exact": true, "path": "/home/ubuntu/aspool-labs/dg03-20260927/monthly-5x/parts/1854-10-face932cba5a471ca780f001fed3a8d3.parquet"}
{"name": "monthly_part_parity", "time": 1790513445.0284193, "factor": 5, "month": "1854-11", "rows": 44449, "columns": 42, "exact": true, "path": "/home/ubuntu/aspool-labs/dg03-20260927/monthly-5x/parts/1854-11-0a0a8d3e932646aba4e4ce5be6fa3909.parquet"}
{"name": "monthly_part_parity", "time": 1790513445.4524221, "factor": 5, "month": "1854-12", "rows": 51101, "columns": 42, "exact": true, "path": "/home/ubuntu/aspool-labs/dg03-20260927/monthly-5x/parts/1854-12-c156727d7abb4fa191f4539db3cc084d.parquet"}
{"name": "monthly_part_parity", "time": 1790513445.8264546, "factor": 5, "month": "1855-01", "rows": 44871, "columns": 42, "exact": true, "path": "/home/ubuntu/aspool-labs/dg03-20260927/monthly-5x/parts/1855-01-1fb4e2613c4e48c18cc3e58b78ee1b25.parquet"}
{"name": "monthly_part_parity", "time": 1790513446.1333606, "factor": 5, "month": "1855-02", "rows": 33999, "columns": 42, "exact": true, "path": "/home/ubuntu/aspool-labs/dg03-20260927/monthly-5x/parts/1855-02-f604448293624a3299fc68097bfd84eb.parquet"}
{"name": "monthly_part_parity", "time": 1790513446.544317, "factor": 5, "month": "1855-03", "rows": 49725, "columns": 42, "exact": true, "path": "/home/ubuntu/aspool-labs/dg03-20260927/monthly-5x/parts/1855-03-c3c9a6e66f99494f9e7d07c72f0eea7b.parquet"}
{"name": "monthly_part_parity", "time": 1790513446.932201, "factor": 5, "month": "1855-04", "rows": 47165, "columns": 42, "exact": true, "path": "/home/ubuntu/aspool-labs/dg03-20260927/monthly-5x/parts/1855-04-7c8d408a32ab4d4a82b884ea44a701bd.parquet"}
{"name": "monthly_part_parity", "time": 1790513447.3228898, "factor": 5, "month": "1855-05", "rows": 45099, "columns": 42, "exact": true, "path": "/home/ubuntu/aspool-labs/dg03-20260927/monthly-5x/parts/1855-05-2e00e363d5a44baa86288633c8161959.parquet"}
{"name": "monthly_part_parity", "time": 1790513447.727054, "factor": 5, "month": "1855-06", "rows": 47017, "columns": 42, "exact": true, "path": "/home/ubuntu/aspool-labs/dg03-20260927/monthly-5x/parts/1855-06-c95fcf7491c140329db5c5e0c86442ea.parquet"}
{"name": "monthly_part_parity", "time": 1790513448.1420739, "factor": 5, "month": "1855-07", "rows": 46998, "columns": 42, "exact": true, "path": "/home/ubuntu/aspool-labs/dg03-20260927/monthly-5x/parts/1855-07-d6c7e1f04c8e4e49905ef7dbddc00094.parquet"}
{"name": "monthly_part_parity", "time": 1790513448.530997, "factor": 5, "month": "1855-08", "rows": 46611, "columns": 42, "exact": true, "path": "/home/ubuntu/aspool-labs/dg03-20260927/monthly-5x/parts/1855-08-e31ee6773abb4769b1d3d2b5f40b9d79.parquet"}
{"name": "monthly_part_parity", "time": 1790513448.921175, "factor": 5, "month": "1855-09", "rows": 45222, "columns": 42, "exact": true, "path": "/home/ubuntu/aspool-labs/dg03-20260927/monthly-5x/parts/1855-09-5e02de1061d8486c934feaba99b4cbc2.parquet"}
{"name": "monthly_part_parity", "time": 1790513449.2695785, "factor": 5, "month": "1855-10", "rows": 38777, "columns": 42, "exact": true, "path": "/home/ubuntu/aspool-labs/dg03-20260927/monthly-5x/parts/1855-10-e61ae698a48442eda03ab4896e8ece45.parquet"}
{"name": "monthly_part_parity", "time": 1790513449.69724, "factor": 5, "month": "1855-11", "rows": 49446, "columns": 42, "exact": true, "path": "/home/ubuntu/aspool-labs/dg03-20260927/monthly-5x/parts/1855-11-5906be1363534b16b5977a27867956c0.parquet"}
{"name": "monthly_part_parity", "time": 1790513450.1777759, "factor": 5, "month": "1855-12", "rows": 55814, "columns": 42, "exact": true, "path": "/home/ubuntu/aspool-labs/dg03-20260927/monthly-5x/parts/1855-12-e8f99d7e9261497983fbabfc9aa58ca1.parquet"}
{"name": "monthly_part_parity", "time": 1790513450.5980115, "factor": 5, "month": "1856-01", "rows": 49492, "columns": 42, "exact": true, "path": "/home/ubuntu/aspool-labs/dg03-20260927/monthly-5x/parts/1856-01-3d40df2cc9ca41059556cd1693e733ea.parquet"}
{"name": "monthly_part_parity", "time": 1790513450.9351308, "factor": 5, "month": "1856-02", "rows": 39573, "columns": 42, "exact": true, "path": "/home/ubuntu/aspool-labs/dg03-20260927/monthly-5x/parts/1856-02-c310b8fa271046d2900a591620d4629e.parquet"}
{"name": "monthly_part_parity", "time": 1790513451.3979213, "factor": 5, "month": "1856-03", "rows": 56754, "columns": 42, "exact": true, "path": "/home/ubuntu/aspool-labs/dg03-20260927/monthly-5x/parts/1856-03-26dfb1f90e7d4749bbb3f454d8bb36e9.parquet"}
{"name": "monthly_part_parity", "time": 1790513451.7930846, "factor": 5, "month": "1856-04", "rows": 48734, "columns": 42, "exact": true, "path": "/home/ubuntu/aspool-labs/dg03-20260927/monthly-5x/parts/1856-04-498074d85a5c43d5b6fa3123df79618e.parquet"}
{"name": "monthly_part_parity", "time": 1790513452.2188866, "factor": 5, "month": "1856-05", "rows": 51700, "columns": 42, "exact": true, "path": "/home/ubuntu/aspool-labs/dg03-20260927/monthly-5x/parts/1856-05-15bff255b2ff4f8cab69be02c49689e0.parquet"}
{"name": "monthly_part_parity", "time": 1790513452.6334586, "factor": 5, "month": "1856-06", "rows": 49708, "columns": 42, "exact": true, "path": "/home/ubuntu/aspool-labs/dg03-20260927/monthly-5x/parts/1856-06-84fbf404480a49d6b14e014a1b4a0e94.parquet"}
{"name": "monthly_part_parity", "time": 1790513453.0710251, "factor": 5, "month": "1856-07", "rows": 53122, "columns": 42, "exact": true, "path": "/home/ubuntu/aspool-labs/dg03-20260927/monthly-5x/parts/1856-07-6eb7b85a7a144efbb99f8f8296fadc21.parquet"}
{"name": "monthly_part_parity", "time": 1790513453.592951, "factor": 5, "month": "1856-08", "rows": 59500, "columns": 42, "exact": true, "path": "/home/ubuntu/aspool-labs/dg03-20260927/monthly-5x/parts/1856-08-51935d1c6b4f4d65be6e81a0cc6ca831.parquet"}
{"name": "monthly_part_parity", "time": 1790513454.0234184, "factor": 5, "month": "1856-09", "rows": 52108, "columns": 42, "exact": true, "path": "/home/ubuntu/aspool-labs/dg03-20260927/monthly-5x/parts/1856-09-a64515c2349446939dfbf8d46d57b067.parquet"}
{"name": "monthly_part_parity", "time": 1790513454.3854425, "factor": 5, "month": "1856-10", "rows": 42328, "columns": 42, "exact": true, "path": "/home/ubuntu/aspool-labs/dg03-20260927/monthly-5x/parts/1856-10-0d8de46d55c94e5985c16bd0f3680af4.parquet"}
{"name": "monthly_part_parity", "time": 1790513454.908047, "factor": 5, "month": "1856-11", "rows": 58922, "columns": 42, "exact": true, "path": "/home/ubuntu/aspool-labs/dg03-20260927/monthly-5x/parts/1856-11-cf4636047b7842e9839005820834aa80.parquet"}
{"name": "monthly_part_parity", "time": 1790513455.4240847, "factor": 5, "month": "1856-12", "rows": 59907, "columns": 42, "exact": true, "path": "/home/ubuntu/aspool-labs/dg03-20260927/monthly-5x/parts/1856-12-ef7386a0bc644366b2b5997be750ced1.parquet"}
{"name": "monthly_part_parity", "time": 1790513455.8330977, "factor": 5, "month": "1857-01", "rows": 50082, "columns": 42, "exact": true, "path": "/home/ubuntu/aspool-labs/dg03-20260927/monthly-5x/parts/1857-01-e86acac5adf34355a47e07a81e198b30.parquet"}
{"name": "monthly_part_parity", "time": 1790513456.2450035, "factor": 5, "month": "1857-02", "rows": 50820, "columns": 42, "exact": true, "path": "/home/ubuntu/aspool-labs/dg03-20260927/monthly-5x/parts/1857-02-168f9cdd1f0240e787dc9b98a8675af6.parquet"}
{"name": "monthly_part_parity", "time": 1790513456.8157158, "factor": 5, "month": "1857-03", "rows": 65622, "columns": 42, "exact": true, "path": "/home/ubuntu/aspool-labs/dg03-20260927/monthly-5x/parts/1857-03-c18f4c4502a946979431bcdf437a6c97.parquet"}
{"name": "monthly_part_parity", "time": 1790513457.248867, "factor": 5, "month": "1857-04", "rows": 51962, "columns": 42, "exact": true, "path": "/home/ubuntu/aspool-labs/dg03-20260927/monthly-5x/parts/1857-04-e633fe346a8843f7ba5fefee9e0badda.parquet"}
{"name": "monthly_part_parity", "time": 1790513457.7533455, "factor": 5, "month": "1857-05", "rows": 58340, "columns": 42, "exact": true, "path": "/home/ubuntu/aspool-labs/dg03-20260927/monthly-5x/parts/1857-05-8cd9293e7c124455bbd0c75c51f05fec.parquet"}
{"name": "monthly_part_parity", "time": 1790513458.2851996, "factor": 5, "month": "1857-06", "rows": 64840, "columns": 42, "exact": true, "path": "/home/ubuntu/aspool-labs/dg03-20260927/monthly-5x/parts/1857-06-262335bc65f5419484e90e59248aced3.parquet"}
{"name": "monthly_part_parity", "time": 1790513458.821482, "factor": 5, "month": "1857-07", "rows": 62517, "columns": 42, "exact": true, "path": "/home/ubuntu/aspool-labs/dg03-20260927/monthly-5x/parts/1857-07-87ec8bb7da454a659376abb6d89af144.parquet"}
{"name": "monthly_part_parity", "time": 1790513459.432354, "factor": 5, "month": "1857-08", "rows": 69884, "columns": 42, "exact": true, "path": "/home/ubuntu/aspool-labs/dg03-20260927/monthly-5x/parts/1857-08-54dd7fa86d6544ac91d4ade923fd03df.parquet"}
{"name": "monthly_part_parity", "time": 1790513459.9915133, "factor": 5, "month": "1857-09", "rows": 65021, "columns": 42, "exact": true, "path": "/home/ubuntu/aspool-labs/dg03-20260927/monthly-5x/parts/1857-09-4c536d1fee6741b888f250d65e066bd5.parquet"}
{"name": "monthly_part_parity", "time": 1790513460.4284291, "factor": 5, "month": "1857-10", "rows": 53402, "columns": 42, "exact": true, "path": "/home/ubuntu/aspool-labs/dg03-20260927/monthly-5x/parts/1857-10-92bfca3aedbb44c1880bcd7b7b819f26.parquet"}
{"name": "monthly_part_parity", "time": 1790513461.017574, "factor": 5, "month": "1857-11", "rows": 69978, "columns": 42, "exact": true, "path": "/home/ubuntu/aspool-labs/dg03-20260927/monthly-5x/parts/1857-11-0015ea1f313b4999a5fcfdc3bbb1bf95.parquet"}
{"name": "monthly_part_parity", "time": 1790513461.605354, "factor": 5, "month": "1857-12", "rows": 66863, "columns": 42, "exact": true, "path": "/home/ubuntu/aspool-labs/dg03-20260927/monthly-5x/parts/1857-12-d4b375c46be249468c188ef45d557333.parquet"}
{"name": "monthly_part_parity", "time": 1790513462.2149935, "factor": 5, "month": "1858-01", "rows": 70696, "columns": 42, "exact": true, "path": "/home/ubuntu/aspool-labs/dg03-20260927/monthly-5x/parts/1858-01-ba12c20c576342f9b5429f05d4f4da5c.parquet"}
{"name": "monthly_part_parity", "time": 1790513462.62014, "factor": 5, "month": "1858-02", "rows": 47447, "columns": 42, "exact": true, "path": "/home/ubuntu/aspool-labs/dg03-20260927/monthly-5x/parts/1858-02-2ac50df00bfc4c1f94d4198cb1704d58.parquet"}
{"name": "monthly_part_parity", "time": 1790513463.2059243, "factor": 5, "month": "1858-03", "rows": 70435, "columns": 42, "exact": true, "path": "/home/ubuntu/aspool-labs/dg03-20260927/monthly-5x/parts/1858-03-6e7d0d47b0d04ad9984935898223b63d.parquet"}
{"name": "monthly_part_parity", "time": 1790513463.6775157, "factor": 5, "month": "1858-04", "rows": 57901, "columns": 42, "exact": true, "path": "/home/ubuntu/aspool-labs/dg03-20260927/monthly-5x/parts/1858-04-953b45eab1a449c08b5621fe6b794811.parquet"}
{"name": "monthly_part_parity", "time": 1790513464.314423, "factor": 5, "month": "1858-05", "rows": 71487, "columns": 42, "exact": true, "path": "/home/ubuntu/aspool-labs/dg03-20260927/monthly-5x/parts/1858-05-08cc537aaa6448878084c9aacf233a17.parquet"}
{"name": "monthly_part_parity", "time": 1790513464.864699, "factor": 5, "month": "1858-06", "rows": 65330, "columns": 42, "exact": true, "path": "/home/ubuntu/aspool-labs/dg03-20260927/monthly-5x/parts/1858-06-35ae0cca253449fcaa9286e7d5239ba5.parquet"}
{"name": "monthly_part_parity", "time": 1790513465.4758286, "factor": 5, "month": "1858-07", "rows": 73196, "columns": 42, "exact": true, "path": "/home/ubuntu/aspool-labs/dg03-20260927/monthly-5x/parts/1858-07-dd076e2affa14cdc93a31d75a5b5fa89.parquet"}
{"name": "monthly_part_parity", "time": 1790513466.121317, "factor": 5, "month": "1858-08", "rows": 77563, "columns": 42, "exact": true, "path": "/home/ubuntu/aspool-labs/dg03-20260927/monthly-5x/parts/1858-08-0e5b9ba5ddd34b2fa9a3a6ee1b0037c2.parquet"}
{"name": "monthly_part_parity", "time": 1790513466.6459317, "factor": 5, "month": "1858-09", "rows": 64603, "columns": 42, "exact": true, "path": "/home/ubuntu/aspool-labs/dg03-20260927/monthly-5x/parts/1858-09-d730c645498b4c2baf0f6b6b9024cd11.parquet"}
{"name": "monthly_part_parity", "time": 1790513467.1790292, "factor": 5, "month": "1858-10", "rows": 61716, "columns": 42, "exact": true, "path": "/home/ubuntu/aspool-labs/dg03-20260927/monthly-5x/parts/1858-10-316e08636a9d48f1a10f277a7279f4af.parquet"}
{"name": "monthly_part_parity", "time": 1790513467.822378, "factor": 5, "month": "1858-11", "rows": 76048, "columns": 42, "exact": true, "path": "/home/ubuntu/aspool-labs/dg03-20260927/monthly-5x/parts/1858-11-47379464b5114e9c9439482137a1c3e4.parquet"}
{"name": "monthly_part_parity", "time": 1790513468.428056, "factor": 5, "month": "1858-12", "rows": 69760, "columns": 42, "exact": true, "path": "/home/ubuntu/aspool-labs/dg03-20260927/monthly-5x/parts/1858-12-e21c4cfccf1d4822922c13eb6d40bd38.parquet"}
{"name": "monthly_part_parity", "time": 1790513469.1000218, "factor": 5, "month": "1859-01", "rows": 77160, "columns": 42, "exact": true, "path": "/home/ubuntu/aspool-labs/dg03-20260927/monthly-5x/parts/1859-01-c98855099ca24903815be5193f043747.parquet"}
{"name": "monthly_part_parity", "time": 1790513469.5288918, "factor": 5, "month": "1859-02", "rows": 52840, "columns": 42, "exact": true, "path": "/home/ubuntu/aspool-labs/dg03-20260927/monthly-5x/parts/1859-02-67ac3b29b14443a0b903e4f5f26e8535.parquet"}
{"name": "monthly_part_parity", "time": 1790513470.1485045, "factor": 5, "month": "1859-03", "rows": 74051, "columns": 42, "exact": true, "path": "/home/ubuntu/aspool-labs/dg03-20260927/monthly-5x/parts/1859-03-23eadbffaa5a41cfb399372936bb80e8.parquet"}
{"name": "monthly_part_parity", "time": 1790513470.7779238, "factor": 5, "month": "1859-04", "rows": 74275, "columns": 42, "exact": true, "path": "/home/ubuntu/aspool-labs/dg03-20260927/monthly-5x/parts/1859-04-bf1005917c72423391c069e51e48e1b3.parquet"}
{"name": "monthly_part_parity", "time": 1790513471.3815832, "factor": 5, "month": "1859-05", "rows": 71147, "columns": 42, "exact": true, "path": "/home/ubuntu/aspool-labs/dg03-20260927/monthly-5x/parts/1859-05-97c22e3d392e44c5a3a49521f0221049.parquet"}
{"name": "monthly_part_parity", "time": 1790513471.9846802, "factor": 5, "month": "1859-06", "rows": 67790, "columns": 42, "exact": true, "path": "/home/ubuntu/aspool-labs/dg03-20260927/monthly-5x/parts/1859-06-50e66ade61a64bc9833b22412b16d1a8.parquet"}
{"name": "monthly_part_parity", "time": 1790513472.6747534, "factor": 5, "month": "1859-07", "rows": 82841, "columns": 42, "exact": true, "path": "/home/ubuntu/aspool-labs/dg03-20260927/monthly-5x/parts/1859-07-73314e5ad02c435ba853e3d75bce9b11.parquet"}
{"name": "monthly_part_parity", "time": 1790513473.3424077, "factor": 5, "month": "1859-08", "rows": 80047, "columns": 42, "exact": true, "path": "/home/ubuntu/aspool-labs/dg03-20260927/monthly-5x/parts/1859-08-88404f0ebb7f48458234c7c1230b0b8f.parquet"}
{"name": "monthly_part_parity", "time": 1790513473.9438553, "factor": 5, "month": "1859-09", "rows": 73104, "columns": 42, "exact": true, "path": "/home/ubuntu/aspool-labs/dg03-20260927/monthly-5x/parts/1859-09-270a77504efb43e5bfbaf59377936f5a.parquet"}
{"name": "monthly_part_parity", "time": 1790513474.497602, "factor": 5, "month": "1859-10", "rows": 66061, "columns": 42, "exact": true, "path": "/home/ubuntu/aspool-labs/dg03-20260927/monthly-5x/parts/1859-10-56e66bf242b8447fb20851302b957f72.parquet"}
{"name": "monthly_part_parity", "time": 1790513475.1303926, "factor": 5, "month": "1859-11", "rows": 77906, "columns": 42, "exact": true, "path": "/home/ubuntu/aspool-labs/dg03-20260927/monthly-5x/parts/1859-11-3c61dc74487949f5abae75fda3b082cc.parquet"}
{"name": "monthly_part_parity", "time": 1790513475.8194768, "factor": 5, "month": "1859-12", "rows": 82381, "columns": 42, "exact": true, "path": "/home/ubuntu/aspool-labs/dg03-20260927/monthly-5x/parts/1859-12-6b3a52d3478144198880b52bf1f70b75.parquet"}
{"name": "monthly_part_parity", "time": 1790513476.3354166, "factor": 5, "month": "1860-01", "rows": 60431, "columns": 42, "exact": true, "path": "/home/ubuntu/aspool-labs/dg03-20260927/monthly-5x/parts/1860-01-130eda1f30304a7da09119447225f438.parquet"}
{"name": "monthly_part_parity", "time": 1790513476.9796293, "factor": 5, "month": "1860-02", "rows": 76344, "columns": 42, "exact": true, "path": "/home/ubuntu/aspool-labs/dg03-20260927/monthly-5x/parts/1860-02-4fab5a2da2eb46fbab8f5b0a740cf4a0.parquet"}
{"name": "monthly_part_parity", "time": 1790513477.6698694, "factor": 5, "month": "1860-03", "rows": 84443, "columns": 42, "exact": true, "path": "/home/ubuntu/aspool-labs/dg03-20260927/monthly-5x/parts/1860-03-6099b522c49a44f39afc833fbd61b67f.parquet"}
{"name": "monthly_part_parity", "time": 1790513478.3265398, "factor": 5, "month": "1860-04", "rows": 81102, "columns": 42, "exact": true, "path": "/home/ubuntu/aspool-labs/dg03-20260927/monthly-5x/parts/1860-04-66335057a820449cbcd49b1824ea36b8.parquet"}
{"name": "monthly_part_parity", "time": 1790513478.920064, "factor": 5, "month": "1860-05", "rows": 70012, "columns": 42, "exact": true, "path": "/home/ubuntu/aspool-labs/dg03-20260927/monthly-5x/parts/1860-05-568dfe93cd9e44258e68bab83b6f4c91.parquet"}
{"name": "monthly_part_parity", "time": 1790513479.5871966, "factor": 5, "month": "1860-06", "rows": 78329, "columns": 42, "exact": true, "path": "/home/ubuntu/aspool-labs/dg03-20260927/monthly-5x/parts/1860-06-b724a675e8374fea83692592c3c3d620.parquet"}
{"name": "monthly_part_parity", "time": 1790513480.3631506, "factor": 5, "month": "1860-07", "rows": 91176, "columns": 42, "exact": true, "path": "/home/ubuntu/aspool-labs/dg03-20260927/monthly-5x/parts/1860-07-b935168542144cc3b3a504b027f8bcab.parquet"}
{"name": "monthly_part_parity", "time": 1790513481.0825298, "factor": 5, "month": "1860-08", "rows": 84975, "columns": 42, "exact": true, "path": "/home/ubuntu/aspool-labs/dg03-20260927/monthly-5x/parts/1860-08-b0d4c339df214f98abcb2740392c6ea4.parquet"}
{"name": "monthly_part_parity", "time": 1790513481.8347368, "factor": 5, "month": "1860-09", "rows": 90538, "columns": 42, "exact": true, "path": "/home/ubuntu/aspool-labs/dg03-20260927/monthly-5x/parts/1860-09-6108cf3593d74e6489fb0de971bcbf23.parquet"}
{"name": "monthly_part_parity", "time": 1790513482.4041088, "factor": 5, "month": "1860-10", "rows": 66763, "columns": 42, "exact": true, "path": "/home/ubuntu/aspool-labs/dg03-20260927/monthly-5x/parts/1860-10-961f1188bbb74ee1ba6535b7284b1f1d.parquet"}
{"name": "monthly_part_parity", "time": 1790513483.1125863, "factor": 5, "month": "1860-11", "rows": 88393, "columns": 42, "exact": true, "path": "/home/ubuntu/aspool-labs/dg03-20260927/monthly-5x/parts/1860-11-9bb9c54c1cf941cb8bfce89f1de859b6.parquet"}
{"name": "monthly_part_parity", "time": 1790513483.9270291, "factor": 5, "month": "1860-12", "rows": 97797, "columns": 42, "exact": true, "path": "/home/ubuntu/aspool-labs/dg03-20260927/monthly-5x/parts/1860-12-f405512d0538462f8f712d5c8e7af77c.parquet"}
{"name": "monthly_part_parity", "time": 1790513484.667507, "factor": 5, "month": "1861-01", "rows": 86227, "columns": 42, "exact": true, "path": "/home/ubuntu/aspool-labs/dg03-20260927/monthly-5x/parts/1861-01-6288be7bcb3844debdce8d8e882e32ef.parquet"}
{"name": "monthly_part_parity", "time": 1790513485.2256212, "factor": 5, "month": "1861-02", "rows": 65451, "columns": 42, "exact": true, "path": "/home/ubuntu/aspool-labs/dg03-20260927/monthly-5x/parts/1861-02-f700c0d6dc504541a865d9aaac2fc0a6.parquet"}
{"name": "monthly_part_parity", "time": 1790513486.0938857, "factor": 5, "month": "1861-03", "rows": 101859, "columns": 42, "exact": true, "path": "/home/ubuntu/aspool-labs/dg03-20260927/monthly-5x/parts/1861-03-b404816da4ac47ba8e1f8200eb91da33.parquet"}
{"name": "monthly_part_parity", "time": 1790513486.8706224, "factor": 5, "month": "1861-04", "rows": 94502, "columns": 42, "exact": true, "path": "/home/ubuntu/aspool-labs/dg03-20260927/monthly-5x/parts/1861-04-9db7ca3e297f4269bab9b5b8b6a0b860.parquet"}
{"name": "monthly_part_parity", "time": 1790513487.5674398, "factor": 5, "month": "1861-05", "rows": 82119, "columns": 42, "exact": true, "path": "/home/ubuntu/aspool-labs/dg03-20260927/monthly-5x/parts/1861-05-8fc3afc74d54470086df20e3e611e41d.parquet"}
{"name": "monthly_part_parity", "time": 1790513488.3462305, "factor": 5, "month": "1861-06", "rows": 97173, "columns": 42, "exact": true, "path": "/home/ubuntu/aspool-labs/dg03-20260927/monthly-5x/parts/1861-06-ca909707aa5c432ebb03ef6d9ba0981b.parquet"}
{"name": "monthly_part_parity", "time": 1790513489.1920974, "factor": 5, "month": "1861-07", "rows": 103782, "columns": 42, "exact": true, "path": "/home/ubuntu/aspool-labs/dg03-20260927/monthly-5x/parts/1861-07-94271379675247aaba4a0eef9f6e5324.parquet"}
{"name": "monthly_part_parity", "time": 1790513490.0543478, "factor": 5, "month": "1861-08", "rows": 105590, "columns": 42, "exact": true, "path": "/home/ubuntu/aspool-labs/dg03-20260927/monthly-5x/parts/1861-08-604f1903e4e340bfadeec2558885f838.parquet"}
{"name": "monthly_part_parity", "time": 1790513490.972593, "factor": 5, "month": "1861-09", "rows": 97177, "columns": 42, "exact": true, "path": "/home/ubuntu/aspool-labs/dg03-20260927/monthly-5x/parts/1861-09-0bf5fe22ff5c411a8be3092a120a5cf5.parquet"}
{"name": "monthly_part_parity", "time": 1790513491.8418067, "factor": 5, "month": "1861-10", "rows": 78558, "columns": 42, "exact": true, "path": "/home/ubuntu/aspool-labs/dg03-20260927/monthly-5x/parts/1861-10-d1e4c63b77d7486cb7e07eaa93bf368d.parquet"}
{"name": "monthly_part_parity", "time": 1790513493.040548, "factor": 5, "month": "1861-11", "rows": 109336, "columns": 42, "exact": true, "path": "/home/ubuntu/aspool-labs/dg03-20260927/monthly-5x/parts/1861-11-73bb6deeba484e0c8e00821d65c751df.parquet"}
{"name": "monthly_part_parity", "time": 1790513494.3308644, "factor": 5, "month": "1861-12", "rows": 115759, "columns": 42, "exact": true, "path": "/home/ubuntu/aspool-labs/dg03-20260927/monthly-5x/parts/1861-12-b8296e9e873247c8a15e0cae0d8ca994.parquet"}
{"name": "monthly_part_parity", "time": 1790513495.3756194, "factor": 5, "month": "1862-01", "rows": 96806, "columns": 42, "exact": true, "path": "/home/ubuntu/aspool-labs/dg03-20260927/monthly-5x/parts/1862-01-2cc6c8b4bbd3466ca078566471f5a96c.parquet"}
{"name": "monthly_part_parity", "time": 1790513496.2791996, "factor": 5, "month": "1862-02", "rows": 82240, "columns": 42, "exact": true, "path": "/home/ubuntu/aspool-labs/dg03-20260927/monthly-5x/parts/1862-02-34840ed02c764ec2a63330fcb2bd7180.parquet"}
{"name": "monthly_part_parity", "time": 1790513497.5472834, "factor": 5, "month": "1862-03", "rows": 119063, "columns": 42, "exact": true, "path": "/home/ubuntu/aspool-labs/dg03-20260927/monthly-5x/parts/1862-03-6a0a5fd25c604a3dbb8c00baaa778f6c.parquet"}
{"name": "monthly_part_parity", "time": 1790513498.653843, "factor": 5, "month": "1862-04", "rows": 99100, "columns": 42, "exact": true, "path": "/home/ubuntu/aspool-labs/dg03-20260927/monthly-5x/parts/1862-04-50dfe3ebd9bc4115a0479487c7f6b24d.parquet"}
{"name": "monthly_part_parity", "time": 1790513499.7260265, "factor": 5, "month": "1862-05", "rows": 99715, "columns": 42, "exact": true, "path": "/home/ubuntu/aspool-labs/dg03-20260927/monthly-5x/parts/1862-05-2e372abb46c94907af59b95bc4bba3bf.parquet"}
{"name": "monthly_part_parity", "time": 1790513500.906162, "factor": 5, "month": "1862-06", "rows": 110994, "columns": 42, "exact": true, "path": "/home/ubuntu/aspool-labs/dg03-20260927/monthly-5x/parts/1862-06-d82cfcd5a6d2498394b8fc28026a4ba7.parquet"}
{"name": "monthly_part_parity", "time": 1790513502.0986216, "factor": 5, "month": "1862-07", "rows": 111961, "columns": 42, "exact": true, "path": "/home/ubuntu/aspool-labs/dg03-20260927/monthly-5x/parts/1862-07-229f80d571d5494aba56d54b0d10d534.parquet"}
{"name": "monthly_part_parity", "time": 1790513503.4456398, "factor": 5, "month": "1862-08", "rows": 124049, "columns": 42, "exact": true, "path": "/home/ubuntu/aspool-labs/dg03-20260927/monthly-5x/parts/1862-08-2e1a7b40a18448dca094adf2b3b5cff0.parquet"}
{"name": "monthly_part_parity", "time": 1790513504.6788528, "factor": 5, "month": "1862-09", "rows": 114466, "columns": 42, "exact": true, "path": "/home/ubuntu/aspool-labs/dg03-20260927/monthly-5x/parts/1862-09-413ad8fcb32d434bb1e3acb9e0e0d0f7.parquet"}
{"name": "monthly_part_parity", "time": 1790513505.627157, "factor": 5, "month": "1862-10", "rows": 87940, "columns": 42, "exact": true, "path": "/home/ubuntu/aspool-labs/dg03-20260927/monthly-5x/parts/1862-10-434d55ffcb8f469e8225731b086caeaf.parquet"}
{"name": "monthly_part_parity", "time": 1790513506.9135656, "factor": 5, "month": "1862-11", "rows": 121917, "columns": 42, "exact": true, "path": "/home/ubuntu/aspool-labs/dg03-20260927/monthly-5x/parts/1862-11-44c09cffd63c4998807e1938d71d2029.parquet"}
{"name": "monthly_part_parity", "time": 1790513508.2135448, "factor": 5, "month": "1862-12", "rows": 123104, "columns": 42, "exact": true, "path": "/home/ubuntu/aspool-labs/dg03-20260927/monthly-5x/parts/1862-12-b31052eb8dd9459e9cb4f266b4cc1688.parquet"}
{"name": "monthly_part_parity", "time": 1790513509.1692765, "factor": 5, "month": "1863-01", "rows": 90271, "columns": 42, "exact": true, "path": "/home/ubuntu/aspool-labs/dg03-20260927/monthly-5x/parts/1863-01-82ef67dcdcdd449f95d8c22c17dae952.parquet"}
{"name": "monthly_part_parity", "time": 1790513510.3806036, "factor": 5, "month": "1863-02", "rows": 113371, "columns": 42, "exact": true, "path": "/home/ubuntu/aspool-labs/dg03-20260927/monthly-5x/parts/1863-02-b3c03b9798fb4f73a96d4aeafea25316.parquet"}
{"name": "monthly_part_parity", "time": 1790513511.7625997, "factor": 5, "month": "1863-03", "rows": 131354, "columns": 42, "exact": true, "path": "/home/ubuntu/aspool-labs/dg03-20260927/monthly-5x/parts/1863-03-431701b965a247e7a3de289617216e1b.parquet"}
{"name": "monthly_part_parity", "time": 1790513512.9286394, "factor": 5, "month": "1863-04", "rows": 109399, "columns": 42, "exact": true, "path": "/home/ubuntu/aspool-labs/dg03-20260927/monthly-5x/parts/1863-04-f3f56741a99d4b66bd1ebc31f3b2f00f.parquet"}
{"name": "monthly_part_parity", "time": 1790513514.1334531, "factor": 5, "month": "1863-05", "rows": 115911, "columns": 42, "exact": true, "path": "/home/ubuntu/aspool-labs/dg03-20260927/monthly-5x/parts/1863-05-d8ab56cc0c0c44b2a1ad0d4f918fce9d.parquet"}
{"name": "monthly_part_parity", "time": 1790513515.344258, "factor": 5, "month": "1863-06", "rows": 116734, "columns": 42, "exact": true, "path": "/home/ubuntu/aspool-labs/dg03-20260927/monthly-5x/parts/1863-06-892decf89f144f56b41146827af277c8.parquet"}
{"name": "monthly_part_parity", "time": 1790513516.6425612, "factor": 5, "month": "1863-07", "rows": 123772, "columns": 42, "exact": true, "path": "/home/ubuntu/aspool-labs/dg03-20260927/monthly-5x/parts/1863-07-b381f5d7b79e4738875f8ffd82b96ec7.parquet"}
{"name": "monthly_part_parity", "time": 1790513518.0608773, "factor": 5, "month": "1863-08", "rows": 136699, "columns": 42, "exact": true, "path": "/home/ubuntu/aspool-labs/dg03-20260927/monthly-5x/parts/1863-08-d06aad6c57864b3dbe208d0bc0314815.parquet"}
{"name": "monthly_part_parity", "time": 1790513519.3069172, "factor": 5, "month": "1863-09", "rows": 119718, "columns": 42, "exact": true, "path": "/home/ubuntu/aspool-labs/dg03-20260927/monthly-5x/parts/1863-09-ea455096e7f64d24800c5ebe929eecbb.parquet"}
{"name": "monthly_part_parity", "time": 1790513520.414606, "factor": 5, "month": "1863-10", "rows": 102331, "columns": 42, "exact": true, "path": "/home/ubuntu/aspool-labs/dg03-20260927/monthly-5x/parts/1863-10-06b814bf38634c42ba3931227f9455f4.parquet"}
{"name": "monthly_part_parity", "time": 1790513521.814169, "factor": 5, "month": "1863-11", "rows": 133070, "columns": 42, "exact": true, "path": "/home/ubuntu/aspool-labs/dg03-20260927/monthly-5x/parts/1863-11-52ddd14313ed44a0851874bbb2420b4a.parquet"}
{"name": "monthly_part_parity", "time": 1790513523.1323743, "factor": 5, "month": "1863-12", "rows": 127777, "columns": 42, "exact": true, "path": "/home/ubuntu/aspool-labs/dg03-20260927/monthly-5x/parts/1863-12-96c7e7246cdc458ea95213b669c03324.parquet"}
{"name": "monthly_part_parity", "time": 1790513524.5462239, "factor": 5, "month": "1864-01", "rows": 134630, "columns": 42, "exact": true, "path": "/home/ubuntu/aspool-labs/dg03-20260927/monthly-5x/parts/1864-01-c1712d7ab3e44bf3a31999a2fa7f28f8.parquet"}
{"name": "monthly_part_parity", "time": 1790513525.532144, "factor": 5, "month": "1864-02", "rows": 92110, "columns": 42, "exact": true, "path": "/home/ubuntu/aspool-labs/dg03-20260927/monthly-5x/parts/1864-02-213f7dc4bfb8456db3159ae613c349c5.parquet"}
{"name": "monthly_part_parity", "time": 1790513526.9041858, "factor": 5, "month": "1864-03", "rows": 129292, "columns": 42, "exact": true, "path": "/home/ubuntu/aspool-labs/dg03-20260927/monthly-5x/parts/1864-03-c9b524a73427428ca6cc4a117de1c1d0.parquet"}
{"name": "monthly_part_parity", "time": 1790513528.1799257, "factor": 5, "month": "1864-04", "rows": 123598, "columns": 42, "exact": true, "path": "/home/ubuntu/aspool-labs/dg03-20260927/monthly-5x/parts/1864-04-462054d3f7eb44a78485b239173a539d.parquet"}
{"name": "monthly_part_parity", "time": 1790513529.4835956, "factor": 5, "month": "1864-05", "rows": 124105, "columns": 42, "exact": true, "path": "/home/ubuntu/aspool-labs/dg03-20260927/monthly-5x/parts/1864-05-966e3b7e88864c398a637f2afa91846d.parquet"}
{"name": "monthly_part_parity", "time": 1790513530.7574387, "factor": 5, "month": "1864-06", "rows": 118268, "columns": 42, "exact": true, "path": "/home/ubuntu/aspool-labs/dg03-20260927/monthly-5x/parts/1864-06-14c4fe9af16f44d99de35f62ed0a4aa5.parquet"}
{"name": "monthly_part_parity", "time": 1790513532.2700572, "factor": 5, "month": "1864-07", "rows": 143582, "columns": 42, "exact": true, "path": "/home/ubuntu/aspool-labs/dg03-20260927/monthly-5x/parts/1864-07-243a09b181f645198c7eef8485cf070e.parquet"}
{"name": "monthly_part_parity", "time": 1790513533.7180228, "factor": 5, "month": "1864-08", "rows": 137687, "columns": 42, "exact": true, "path": "/home/ubuntu/aspool-labs/dg03-20260927/monthly-5x/parts/1864-08-78ec373396884088bcb8d8353c5f1a8d.parquet"}
{"name": "monthly_part_parity", "time": 1790513534.9926279, "factor": 5, "month": "1864-09", "rows": 119223, "columns": 42, "exact": true, "path": "/home/ubuntu/aspool-labs/dg03-20260927/monthly-5x/parts/1864-09-fbf2e3f449774eff930302fd70c9f338.parquet"}
{"name": "monthly_part_parity", "time": 1790513536.1822073, "factor": 5, "month": "1864-10", "rows": 113273, "columns": 42, "exact": true, "path": "/home/ubuntu/aspool-labs/dg03-20260927/monthly-5x/parts/1864-10-a29e7d8587bb4c8d8d991851fd9644ea.parquet"}
{"name": "monthly_part_parity", "time": 1790513537.5639887, "factor": 5, "month": "1864-11", "rows": 132575, "columns": 42, "exact": true, "path": "/home/ubuntu/aspool-labs/dg03-20260927/monthly-5x/parts/1864-11-d26d341bb36d4c338b2bff9112feb85a.parquet"}
{"name": "monthly_part_parity", "time": 1790513539.058967, "factor": 5, "month": "1864-12", "rows": 139518, "columns": 42, "exact": true, "path": "/home/ubuntu/aspool-labs/dg03-20260927/monthly-5x/parts/1864-12-3d6972a10b9d44588bfa92a84320ab68.parquet"}
{"name": "monthly_part_parity", "time": 1790513540.2881348, "factor": 5, "month": "1865-01", "rows": 114741, "columns": 42, "exact": true, "path": "/home/ubuntu/aspool-labs/dg03-20260927/monthly-5x/parts/1865-01-10d7c3fc40654cc08e1fdd9bba5d8e3c.parquet"}
{"name": "monthly_part_parity", "time": 1790513541.5028176, "factor": 5, "month": "1865-02", "rows": 115500, "columns": 42, "exact": true, "path": "/home/ubuntu/aspool-labs/dg03-20260927/monthly-5x/parts/1865-02-8e5a64d53b7f491bb93a78c61e77e7db.parquet"}
{"name": "monthly_part_parity", "time": 1790513542.9056635, "factor": 5, "month": "1865-03", "rows": 135290, "columns": 42, "exact": true, "path": "/home/ubuntu/aspool-labs/dg03-20260927/monthly-5x/parts/1865-03-5a1efae141fd4084a2c77dff0f596317.parquet"}
{"name": "monthly_part_parity", "time": 1790513544.3808692, "factor": 5, "month": "1865-04", "rows": 136154, "columns": 42, "exact": true, "path": "/home/ubuntu/aspool-labs/dg03-20260927/monthly-5x/parts/1865-04-e29a94548d024fc4a9eeb6340e7dcc4a.parquet"}
{"name": "monthly_part_parity", "time": 1790513545.6579692, "factor": 5, "month": "1865-05", "rows": 123948, "columns": 42, "exact": true, "path": "/home/ubuntu/aspool-labs/dg03-20260927/monthly-5x/parts/1865-05-60df3d418aaa460283e15a94b8eaf040.parquet"}
{"name": "monthly_part_parity", "time": 1790513546.9921577, "factor": 5, "month": "1865-06", "rows": 131212, "columns": 42, "exact": true, "path": "/home/ubuntu/aspool-labs/dg03-20260927/monthly-5x/parts/1865-06-f3b0f05252b24c3f91f2d37e1448cdd7.parquet"}
{"name": "monthly_part_parity", "time": 1790513548.536576, "factor": 5, "month": "1865-07", "rows": 151810, "columns": 42, "exact": true, "path": "/home/ubuntu/aspool-labs/dg03-20260927/monthly-5x/parts/1865-07-8472bd359f7840e7a081661041bda41c.parquet"}
{"name": "monthly_part_parity", "time": 1790513549.9982038, "factor": 5, "month": "1865-08", "rows": 139589, "columns": 42, "exact": true, "path": "/home/ubuntu/aspool-labs/dg03-20260927/monthly-5x/parts/1865-08-4d867689a88d41d3ab6f49ff6f3e79ba.parquet"}
{"name": "monthly_part_parity", "time": 1790513551.5108933, "factor": 5, "month": "1865-09", "rows": 147203, "columns": 42, "exact": true, "path": "/home/ubuntu/aspool-labs/dg03-20260927/monthly-5x/parts/1865-09-515a07c7f6cc4f30b460acc66b8e6aed.parquet"}
{"name": "monthly_part_parity", "time": 1790513552.7071683, "factor": 5, "month": "1865-10", "rows": 114530, "columns": 42, "exact": true, "path": "/home/ubuntu/aspool-labs/dg03-20260927/monthly-5x/parts/1865-10-b2f92b1c4d7c42eab5fe640a60e68178.parquet"}
{"name": "monthly_part_parity", "time": 1790513554.117341, "factor": 5, "month": "1865-11", "rows": 135451, "columns": 42, "exact": true, "path": "/home/ubuntu/aspool-labs/dg03-20260927/monthly-5x/parts/1865-11-1f306d95fce94fe3840a881669f58501.parquet"}
{"name": "monthly_part_parity", "time": 1790513555.7105582, "factor": 5, "month": "1865-12", "rows": 156480, "columns": 42, "exact": true, "path": "/home/ubuntu/aspool-labs/dg03-20260927/monthly-5x/parts/1865-12-90fab9f83ee24fc69e44b40c64865c64.parquet"}
{"name": "monthly_part_parity", "time": 1790513557.153145, "factor": 5, "month": "1866-01", "rows": 136990, "columns": 42, "exact": true, "path": "/home/ubuntu/aspool-labs/dg03-20260927/monthly-5x/parts/1866-01-344271390c6842e585accb41594be811.parquet"}
{"name": "monthly_part_parity", "time": 1790513558.1941075, "factor": 5, "month": "1866-02", "rows": 96462, "columns": 42, "exact": true, "path": "/home/ubuntu/aspool-labs/dg03-20260927/monthly-5x/parts/1866-02-72dcc8e81ebe4ea190597a5e0a7b47d0.parquet"}
{"name": "monthly_part_parity", "time": 1790513559.8017538, "factor": 5, "month": "1866-03", "rows": 152277, "columns": 42, "exact": true, "path": "/home/ubuntu/aspool-labs/dg03-20260927/monthly-5x/parts/1866-03-865cbe016a3841b1ba4845a98e36d32b.parquet"}
{"name": "monthly_part_parity", "time": 1790513561.4128559, "factor": 5, "month": "1866-04", "rows": 146261, "columns": 42, "exact": true, "path": "/home/ubuntu/aspool-labs/dg03-20260927/monthly-5x/parts/1866-04-637ee41b583d42cba48e6b7f81715f61.parquet"}
{"name": "monthly_part_parity", "time": 1790513562.77991, "factor": 5, "month": "1866-05", "rows": 126236, "columns": 42, "exact": true, "path": "/home/ubuntu/aspool-labs/dg03-20260927/monthly-5x/parts/1866-05-d96edfe2cdba4b18a0544893a0cd1e4f.parquet"}
{"name": "monthly_part_parity", "time": 1790513564.361315, "factor": 5, "month": "1866-06", "rows": 148424, "columns": 42, "exact": true, "path": "/home/ubuntu/aspool-labs/dg03-20260927/monthly-5x/parts/1866-06-6195ba62256b4777a319889ef36c675f.parquet"}
{"name": "monthly_part_parity", "time": 1790513566.0479531, "factor": 5, "month": "1866-07", "rows": 163728, "columns": 42, "exact": true, "path": "/home/ubuntu/aspool-labs/dg03-20260927/monthly-5x/parts/1866-07-8ef53d6bb96d4299a2bbbeb54341cdc0.parquet"}
{"name": "monthly_part_parity", "time": 1790513567.6242137, "factor": 5, "month": "1866-08", "rows": 150570, "columns": 42, "exact": true, "path": "/home/ubuntu/aspool-labs/dg03-20260927/monthly-5x/parts/1866-08-f8b3866a42ad4f8a8463609c2038cca4.parquet"}
{"name": "monthly_part_parity", "time": 1790513569.047992, "factor": 5, "month": "1866-09", "rows": 129979, "columns": 42, "exact": true, "path": "/home/ubuntu/aspool-labs/dg03-20260927/monthly-5x/parts/1866-09-1ec4707684a24859bbbfa9bd94798111.parquet"}
{"name": "monthly_built", "time": 1790513581.9845064, "factor": 5, "rows": 89311935, "manifest": [89311935, 1605, "1840-01-04", "2026-09-24"], "fields": 42, "original_tables": 18, "root": "/home/ubuntu/aspool-labs/dg03-20260927/monthly-5x", "disk": 7004368719, "catalog": 933507072}
{"name": "phase_monthly_build_5x", "time": 1790513583.7650058, "seconds": 532.564255792, "maxrss_bytes": 1453920256, "rss_start": 146042880, "rss_end": 265871360, "peak_sampled_rss": 1447481344, "io_delta": {"rchar": 21859968020, "wchar": 8763054931, "syscr": 426173, "syscw": 139311, "read_bytes": 134180864, "write_bytes": 7525568512, "cancelled_write_bytes": 492306432}, "disk_before": 113391637061, "disk_after": 120396495759, "peak_sampled_disk": 120595355477, "result": null, "status": "passed", "error": null}
